userId,username,role,csvExists,dbExists,identityMatch,roleMatch,statusMatch,departmentMatch,academicMatch,overallStatus
ROOT-ADMIN-001,rootadmin,ROOT_ADMIN,true,true,true,true,true,true,true,PASS
ADMIN-001,admin01,ADMIN,true,true,true,true,true,true,true,PASS
ADMIN-002,admin02,ADMIN,true,true,true,true,true,true,true,PASS
ADMIN-003,admin03,ADMIN,true,true,true,true,true,true,true,PASS
ADMIN-004,admin04,ADMIN,true,true,true,true,true,true,true,PASS
MGT-001,management01,MANAGEMENT,true,true,true,true,true,true,true,PASS
MGT-002,management02,MANAGEMENT,true,true,true,true,true,true,true,PASS
MGT-003,management03,MANAGEMENT,true,true,true,true,true,true,true,PASS
MGT-004,management04,MANAGEMENT,true,true,true,true,true,true,true,PASS
MGT-005,management05,MANAGEMENT,true,true,true,true,true,true,true,PASS
MGT-006,management06,MANAGEMENT,true,true,true,true,true,true,true,PASS
MGT-007,management07,MANAGEMENT,true,true,true,true,true,true,true,PASS
MGT-008,management08,MANAGEMENT,true,true,true,true,true,true,true,PASS
CSE-HOD-001,csehod,HOD,true,true,true,true,true,true,true,PASS
EEE-HOD-001,eeehod,HOD,true,true,true,true,true,true,true,PASS
ECE-HOD-001,ecehod,HOD,true,true,true,true,true,true,true,PASS
MECH-HOD-001,mechhod,HOD,true,true,true,true,true,true,true,PASS
AGRI-HOD-001,agrihod,HOD,true,true,true,true,true,true,true,PASS
AIDS-HOD-001,aidshod,HOD,true,true,true,true,true,true,true,PASS
BT-HOD-001,bthod,HOD,true,true,true,true,true,true,true,PASS
IT-HOD-001,ithod,HOD,true,true,true,true,true,true,true,PASS
CSE-FAC-001,csefac001,FACULTY,true,true,true,true,true,true,true,PASS
CSE-FAC-002,csefac002,FACULTY,true,true,true,true,true,true,true,PASS
CSE-FAC-003,csefac003,FACULTY,true,true,true,true,true,true,true,PASS
CSE-FAC-004,csefac004,FACULTY,true,true,true,true,true,true,true,PASS
CSE-FAC-005,csefac005,FACULTY,true,true,true,true,true,true,true,PASS
CSE-FAC-006,csefac006,FACULTY,true,true,true,true,true,true,true,PASS
CSE-FAC-007,csefac007,FACULTY,true,true,true,true,true,true,true,PASS
CSE-FAC-008,csefac008,FACULTY,true,true,true,true,true,true,true,PASS
CSE-FAC-009,csefac009,FACULTY,true,true,true,true,true,true,true,PASS
CSE-FAC-010,csefac010,FACULTY,true,true,true,true,true,true,true,PASS
CSE-FAC-011,csefac011,FACULTY,true,true,true,true,true,true,true,PASS
CSE-FAC-012,csefac012,FACULTY,true,true,true,true,true,true,true,PASS
CSE-FAC-013,csefac013,FACULTY,true,true,true,true,true,true,true,PASS
CSE-FAC-014,csefac014,FACULTY,true,true,true,true,true,true,true,PASS
CSE-FAC-015,csefac015,FACULTY,true,true,true,true,true,true,true,PASS
CSE-FAC-016,csefac016,FACULTY,true,true,true,true,true,true,true,PASS
CSE-FAC-017,csefac017,FACULTY,true,true,true,true,true,true,true,PASS
CSE-FAC-018,csefac018,FACULTY,true,true,true,true,true,true,true,PASS
CSE-FAC-019,csefac019,FACULTY,true,true,true,true,true,true,true,PASS
CSE-FAC-020,csefac020,FACULTY,true,true,true,true,true,true,true,PASS
EEE-FAC-001,eeefac001,FACULTY,true,true,true,true,true,true,true,PASS
EEE-FAC-002,eeefac002,FACULTY,true,true,true,true,true,true,true,PASS
EEE-FAC-003,eeefac003,FACULTY,true,true,true,true,true,true,true,PASS
EEE-FAC-004,eeefac004,FACULTY,true,true,true,true,true,true,true,PASS
EEE-FAC-005,eeefac005,FACULTY,true,true,true,true,true,true,true,PASS
EEE-FAC-006,eeefac006,FACULTY,true,true,true,true,true,true,true,PASS
EEE-FAC-007,eeefac007,FACULTY,true,true,true,true,true,true,true,PASS
EEE-FAC-008,eeefac008,FACULTY,true,true,true,true,true,true,true,PASS
EEE-FAC-009,eeefac009,FACULTY,true,true,true,true,true,true,true,PASS
EEE-FAC-010,eeefac010,FACULTY,true,true,true,true,true,true,true,PASS
EEE-FAC-011,eeefac011,FACULTY,true,true,true,true,true,true,true,PASS
EEE-FAC-012,eeefac012,FACULTY,true,true,true,true,true,true,true,PASS
EEE-FAC-013,eeefac013,FACULTY,true,true,true,true,true,true,true,PASS
EEE-FAC-014,eeefac014,FACULTY,true,true,true,true,true,true,true,PASS
EEE-FAC-015,eeefac015,FACULTY,true,true,true,true,true,true,true,PASS
EEE-FAC-016,eeefac016,FACULTY,true,true,true,true,true,true,true,PASS
EEE-FAC-017,eeefac017,FACULTY,true,true,true,true,true,true,true,PASS
EEE-FAC-018,eeefac018,FACULTY,true,true,true,true,true,true,true,PASS
EEE-FAC-019,eeefac019,FACULTY,true,true,true,true,true,true,true,PASS
EEE-FAC-020,eeefac020,FACULTY,true,true,true,true,true,true,true,PASS
ECE-FAC-001,ecefac001,FACULTY,true,true,true,true,true,true,true,PASS
ECE-FAC-002,ecefac002,FACULTY,true,true,true,true,true,true,true,PASS
ECE-FAC-003,ecefac003,FACULTY,true,true,true,true,true,true,true,PASS
ECE-FAC-004,ecefac004,FACULTY,true,true,true,true,true,true,true,PASS
ECE-FAC-005,ecefac005,FACULTY,true,true,true,true,true,true,true,PASS
ECE-FAC-006,ecefac006,FACULTY,true,true,true,true,true,true,true,PASS
ECE-FAC-007,ecefac007,FACULTY,true,true,true,true,true,true,true,PASS
ECE-FAC-008,ecefac008,FACULTY,true,true,true,true,true,true,true,PASS
ECE-FAC-009,ecefac009,FACULTY,true,true,true,true,true,true,true,PASS
ECE-FAC-010,ecefac010,FACULTY,true,true,true,true,true,true,true,PASS
ECE-FAC-011,ecefac011,FACULTY,true,true,true,true,true,true,true,PASS
ECE-FAC-012,ecefac012,FACULTY,true,true,true,true,true,true,true,PASS
ECE-FAC-013,ecefac013,FACULTY,true,true,true,true,true,true,true,PASS
ECE-FAC-014,ecefac014,FACULTY,true,true,true,true,true,true,true,PASS
ECE-FAC-015,ecefac015,FACULTY,true,true,true,true,true,true,true,PASS
ECE-FAC-016,ecefac016,FACULTY,true,true,true,true,true,true,true,PASS
ECE-FAC-017,ecefac017,FACULTY,true,true,true,true,true,true,true,PASS
ECE-FAC-018,ecefac018,FACULTY,true,true,true,true,true,true,true,PASS
ECE-FAC-019,ecefac019,FACULTY,true,true,true,true,true,true,true,PASS
ECE-FAC-020,ecefac020,FACULTY,true,true,true,true,true,true,true,PASS
MECH-FAC-001,mechfac001,FACULTY,true,true,true,true,true,true,true,PASS
MECH-FAC-002,mechfac002,FACULTY,true,true,true,true,true,true,true,PASS
MECH-FAC-003,mechfac003,FACULTY,true,true,true,true,true,true,true,PASS
MECH-FAC-004,mechfac004,FACULTY,true,true,true,true,true,true,true,PASS
MECH-FAC-005,mechfac005,FACULTY,true,true,true,true,true,true,true,PASS
MECH-FAC-006,mechfac006,FACULTY,true,true,true,true,true,true,true,PASS
MECH-FAC-007,mechfac007,FACULTY,true,true,true,true,true,true,true,PASS
MECH-FAC-008,mechfac008,FACULTY,true,true,true,true,true,true,true,PASS
MECH-FAC-009,mechfac009,FACULTY,true,true,true,true,true,true,true,PASS
MECH-FAC-010,mechfac010,FACULTY,true,true,true,true,true,true,true,PASS
MECH-FAC-011,mechfac011,FACULTY,true,true,true,true,true,true,true,PASS
MECH-FAC-012,mechfac012,FACULTY,true,true,true,true,true,true,true,PASS
MECH-FAC-013,mechfac013,FACULTY,true,true,true,true,true,true,true,PASS
MECH-FAC-014,mechfac014,FACULTY,true,true,true,true,true,true,true,PASS
MECH-FAC-015,mechfac015,FACULTY,true,true,true,true,true,true,true,PASS
MECH-FAC-016,mechfac016,FACULTY,true,true,true,true,true,true,true,PASS
MECH-FAC-017,mechfac017,FACULTY,true,true,true,true,true,true,true,PASS
MECH-FAC-018,mechfac018,FACULTY,true,true,true,true,true,true,true,PASS
MECH-FAC-019,mechfac019,FACULTY,true,true,true,true,true,true,true,PASS
MECH-FAC-020,mechfac020,FACULTY,true,true,true,true,true,true,true,PASS
AGRI-FAC-001,agrifac001,FACULTY,true,true,true,true,true,true,true,PASS
AGRI-FAC-002,agrifac002,FACULTY,true,true,true,true,true,true,true,PASS
AGRI-FAC-003,agrifac003,FACULTY,true,true,true,true,true,true,true,PASS
AGRI-FAC-004,agrifac004,FACULTY,true,true,true,true,true,true,true,PASS
AGRI-FAC-005,agrifac005,FACULTY,true,true,true,true,true,true,true,PASS
AGRI-FAC-006,agrifac006,FACULTY,true,true,true,true,true,true,true,PASS
AGRI-FAC-007,agrifac007,FACULTY,true,true,true,true,true,true,true,PASS
AGRI-FAC-008,agrifac008,FACULTY,true,true,true,true,true,true,true,PASS
AGRI-FAC-009,agrifac009,FACULTY,true,true,true,true,true,true,true,PASS
AGRI-FAC-010,agrifac010,FACULTY,true,true,true,true,true,true,true,PASS
AGRI-FAC-011,agrifac011,FACULTY,true,true,true,true,true,true,true,PASS
AGRI-FAC-012,agrifac012,FACULTY,true,true,true,true,true,true,true,PASS
AGRI-FAC-013,agrifac013,FACULTY,true,true,true,true,true,true,true,PASS
AGRI-FAC-014,agrifac014,FACULTY,true,true,true,true,true,true,true,PASS
AGRI-FAC-015,agrifac015,FACULTY,true,true,true,true,true,true,true,PASS
AGRI-FAC-016,agrifac016,FACULTY,true,true,true,true,true,true,true,PASS
AGRI-FAC-017,agrifac017,FACULTY,true,true,true,true,true,true,true,PASS
AGRI-FAC-018,agrifac018,FACULTY,true,true,true,true,true,true,true,PASS
AGRI-FAC-019,agrifac019,FACULTY,true,true,true,true,true,true,true,PASS
AGRI-FAC-020,agrifac020,FACULTY,true,true,true,true,true,true,true,PASS
AIDS-FAC-001,aidsfac001,FACULTY,true,true,true,true,true,true,true,PASS
AIDS-FAC-002,aidsfac002,FACULTY,true,true,true,true,true,true,true,PASS
AIDS-FAC-003,aidsfac003,FACULTY,true,true,true,true,true,true,true,PASS
AIDS-FAC-004,aidsfac004,FACULTY,true,true,true,true,true,true,true,PASS
AIDS-FAC-005,aidsfac005,FACULTY,true,true,true,true,true,true,true,PASS
AIDS-FAC-006,aidsfac006,FACULTY,true,true,true,true,true,true,true,PASS
AIDS-FAC-007,aidsfac007,FACULTY,true,true,true,true,true,true,true,PASS
AIDS-FAC-008,aidsfac008,FACULTY,true,true,true,true,true,true,true,PASS
AIDS-FAC-009,aidsfac009,FACULTY,true,true,true,true,true,true,true,PASS
AIDS-FAC-010,aidsfac010,FACULTY,true,true,true,true,true,true,true,PASS
AIDS-FAC-011,aidsfac011,FACULTY,true,true,true,true,true,true,true,PASS
AIDS-FAC-012,aidsfac012,FACULTY,true,true,true,true,true,true,true,PASS
AIDS-FAC-013,aidsfac013,FACULTY,true,true,true,true,true,true,true,PASS
AIDS-FAC-014,aidsfac014,FACULTY,true,true,true,true,true,true,true,PASS
AIDS-FAC-015,aidsfac015,FACULTY,true,true,true,true,true,true,true,PASS
AIDS-FAC-016,aidsfac016,FACULTY,true,true,true,true,true,true,true,PASS
AIDS-FAC-017,aidsfac017,FACULTY,true,true,true,true,true,true,true,PASS
AIDS-FAC-018,aidsfac018,FACULTY,true,true,true,true,true,true,true,PASS
AIDS-FAC-019,aidsfac019,FACULTY,true,true,true,true,true,true,true,PASS
AIDS-FAC-020,aidsfac020,FACULTY,true,true,true,true,true,true,true,PASS
BT-FAC-001,btfac001,FACULTY,true,true,true,true,true,true,true,PASS
BT-FAC-002,btfac002,FACULTY,true,true,true,true,true,true,true,PASS
BT-FAC-003,btfac003,FACULTY,true,true,true,true,true,true,true,PASS
BT-FAC-004,btfac004,FACULTY,true,true,true,true,true,true,true,PASS
BT-FAC-005,btfac005,FACULTY,true,true,true,true,true,true,true,PASS
BT-FAC-006,btfac006,FACULTY,true,true,true,true,true,true,true,PASS
BT-FAC-007,btfac007,FACULTY,true,true,true,true,true,true,true,PASS
BT-FAC-008,btfac008,FACULTY,true,true,true,true,true,true,true,PASS
BT-FAC-009,btfac009,FACULTY,true,true,true,true,true,true,true,PASS
BT-FAC-010,btfac010,FACULTY,true,true,true,true,true,true,true,PASS
BT-FAC-011,btfac011,FACULTY,true,true,true,true,true,true,true,PASS
BT-FAC-012,btfac012,FACULTY,true,true,true,true,true,true,true,PASS
BT-FAC-013,btfac013,FACULTY,true,true,true,true,true,true,true,PASS
BT-FAC-014,btfac014,FACULTY,true,true,true,true,true,true,true,PASS
BT-FAC-015,btfac015,FACULTY,true,true,true,true,true,true,true,PASS
BT-FAC-016,btfac016,FACULTY,true,true,true,true,true,true,true,PASS
BT-FAC-017,btfac017,FACULTY,true,true,true,true,true,true,true,PASS
BT-FAC-018,btfac018,FACULTY,true,true,true,true,true,true,true,PASS
BT-FAC-019,btfac019,FACULTY,true,true,true,true,true,true,true,PASS
BT-FAC-020,btfac020,FACULTY,true,true,true,true,true,true,true,PASS
IT-FAC-001,itfac001,FACULTY,true,true,true,true,true,true,true,PASS
IT-FAC-002,itfac002,FACULTY,true,true,true,true,true,true,true,PASS
IT-FAC-003,itfac003,FACULTY,true,true,true,true,true,true,true,PASS
IT-FAC-004,itfac004,FACULTY,true,true,true,true,true,true,true,PASS
IT-FAC-005,itfac005,FACULTY,true,true,true,true,true,true,true,PASS
IT-FAC-006,itfac006,FACULTY,true,true,true,true,true,true,true,PASS
IT-FAC-007,itfac007,FACULTY,true,true,true,true,true,true,true,PASS
IT-FAC-008,itfac008,FACULTY,true,true,true,true,true,true,true,PASS
IT-FAC-009,itfac009,FACULTY,true,true,true,true,true,true,true,PASS
IT-FAC-010,itfac010,FACULTY,true,true,true,true,true,true,true,PASS
IT-FAC-011,itfac011,FACULTY,true,true,true,true,true,true,true,PASS
IT-FAC-012,itfac012,FACULTY,true,true,true,true,true,true,true,PASS
IT-FAC-013,itfac013,FACULTY,true,true,true,true,true,true,true,PASS
IT-FAC-014,itfac014,FACULTY,true,true,true,true,true,true,true,PASS
IT-FAC-015,itfac015,FACULTY,true,true,true,true,true,true,true,PASS
IT-FAC-016,itfac016,FACULTY,true,true,true,true,true,true,true,PASS
IT-FAC-017,itfac017,FACULTY,true,true,true,true,true,true,true,PASS
IT-FAC-018,itfac018,FACULTY,true,true,true,true,true,true,true,PASS
IT-FAC-019,itfac019,FACULTY,true,true,true,true,true,true,true,PASS
IT-FAC-020,itfac020,FACULTY,true,true,true,true,true,true,true,PASS
CSE2026A001,cse2026a001,STUDENT,true,true,true,true,true,true,true,PASS
CSE2026A002,cse2026a002,STUDENT,true,true,true,true,true,true,true,PASS
CSE2026A003,cse2026a003,STUDENT,true,true,true,true,true,true,true,PASS
CSE2026A004,cse2026a004,STUDENT,true,true,true,true,true,true,true,PASS
CSE2026A005,cse2026a005,STUDENT,true,true,true,true,true,true,true,PASS
CSE2026A006,cse2026a006,STUDENT,true,true,true,true,true,true,true,PASS
CSE2026A007,cse2026a007,STUDENT,true,true,true,true,true,true,true,PASS
CSE2026A008,cse2026a008,STUDENT,true,true,true,true,true,true,true,PASS
CSE2026A009,cse2026a009,STUDENT,true,true,true,true,true,true,true,PASS
CSE2026A010,cse2026a010,STUDENT,true,true,true,true,true,true,true,PASS
CSE2026A011,cse2026a011,STUDENT,true,true,true,true,true,true,true,PASS
CSE2026A012,cse2026a012,STUDENT,true,true,true,true,true,true,true,PASS
CSE2026A013,cse2026a013,STUDENT,true,true,true,true,true,true,true,PASS
CSE2026A014,cse2026a014,STUDENT,true,true,true,true,true,true,true,PASS
CSE2026A015,cse2026a015,STUDENT,true,true,true,true,true,true,true,PASS
CSE2026A016,cse2026a016,STUDENT,true,true,true,true,true,true,true,PASS
CSE2026A017,cse2026a017,STUDENT,true,true,true,true,true,true,true,PASS
CSE2026A018,cse2026a018,STUDENT,true,true,true,true,true,true,true,PASS
CSE2026A019,cse2026a019,STUDENT,true,true,true,true,true,true,true,PASS
CSE2026A020,cse2026a020,STUDENT,true,true,true,true,true,true,true,PASS
CSE2026A021,cse2026a021,STUDENT,true,true,true,true,true,true,true,PASS
CSE2026A022,cse2026a022,STUDENT,true,true,true,true,true,true,true,PASS
CSE2026A023,cse2026a023,STUDENT,true,true,true,true,true,true,true,PASS
CSE2026A024,cse2026a024,STUDENT,true,true,true,true,true,true,true,PASS
CSE2026A025,cse2026a025,STUDENT,true,true,true,true,true,true,true,PASS
CSE2026A026,cse2026a026,STUDENT,true,true,true,true,true,true,true,PASS
CSE2026A027,cse2026a027,STUDENT,true,true,true,true,true,true,true,PASS
CSE2026A028,cse2026a028,STUDENT,true,true,true,true,true,true,true,PASS
CSE2026A029,cse2026a029,STUDENT,true,true,true,true,true,true,true,PASS
CSE2026A030,cse2026a030,STUDENT,true,true,true,true,true,true,true,PASS
CSE2025A001,cse2025a001,STUDENT,true,true,true,true,true,true,true,PASS
CSE2025A002,cse2025a002,STUDENT,true,true,true,true,true,true,true,PASS
CSE2025A003,cse2025a003,STUDENT,true,true,true,true,true,true,true,PASS
CSE2025A004,cse2025a004,STUDENT,true,true,true,true,true,true,true,PASS
CSE2025A005,cse2025a005,STUDENT,true,true,true,true,true,true,true,PASS
CSE2025A006,cse2025a006,STUDENT,true,true,true,true,true,true,true,PASS
CSE2025A007,cse2025a007,STUDENT,true,true,true,true,true,true,true,PASS
CSE2025A008,cse2025a008,STUDENT,true,true,true,true,true,true,true,PASS
CSE2025A009,cse2025a009,STUDENT,true,true,true,true,true,true,true,PASS
CSE2025A010,cse2025a010,STUDENT,true,true,true,true,true,true,true,PASS
CSE2025A011,cse2025a011,STUDENT,true,true,true,true,true,true,true,PASS
CSE2025A012,cse2025a012,STUDENT,true,true,true,true,true,true,true,PASS
CSE2025A013,cse2025a013,STUDENT,true,true,true,true,true,true,true,PASS
CSE2025A014,cse2025a014,STUDENT,true,true,true,true,true,true,true,PASS
CSE2025A015,cse2025a015,STUDENT,true,true,true,true,true,true,true,PASS
CSE2025A016,cse2025a016,STUDENT,true,true,true,true,true,true,true,PASS
CSE2025A017,cse2025a017,STUDENT,true,true,true,true,true,true,true,PASS
CSE2025A018,cse2025a018,STUDENT,true,true,true,true,true,true,true,PASS
CSE2025A019,cse2025a019,STUDENT,true,true,true,true,true,true,true,PASS
CSE2025A020,cse2025a020,STUDENT,true,true,true,true,true,true,true,PASS
CSE2025A021,cse2025a021,STUDENT,true,true,true,true,true,true,true,PASS
CSE2025A022,cse2025a022,STUDENT,true,true,true,true,true,true,true,PASS
CSE2025A023,cse2025a023,STUDENT,true,true,true,true,true,true,true,PASS
CSE2025A024,cse2025a024,STUDENT,true,true,true,true,true,true,true,PASS
CSE2025A025,cse2025a025,STUDENT,true,true,true,true,true,true,true,PASS
CSE2025A026,cse2025a026,STUDENT,true,true,true,true,true,true,true,PASS
CSE2025A027,cse2025a027,STUDENT,true,true,true,true,true,true,true,PASS
CSE2025A028,cse2025a028,STUDENT,true,true,true,true,true,true,true,PASS
CSE2025A029,cse2025a029,STUDENT,true,true,true,true,true,true,true,PASS
CSE2025A030,cse2025a030,STUDENT,true,true,true,true,true,true,true,PASS
CSE2024A001,cse2024a001,STUDENT,true,true,true,true,true,true,true,PASS
CSE2024A002,cse2024a002,STUDENT,true,true,true,true,true,true,true,PASS
CSE2024A003,cse2024a003,STUDENT,true,true,true,true,true,true,true,PASS
CSE2024A004,cse2024a004,STUDENT,true,true,true,true,true,true,true,PASS
CSE2024A005,cse2024a005,STUDENT,true,true,true,true,true,true,true,PASS
CSE2024A006,cse2024a006,STUDENT,true,true,true,true,true,true,true,PASS
CSE2024A007,cse2024a007,STUDENT,true,true,true,true,true,true,true,PASS
CSE2024A008,cse2024a008,STUDENT,true,true,true,true,true,true,true,PASS
CSE2024A009,cse2024a009,STUDENT,true,true,true,true,true,true,true,PASS
CSE2024A010,cse2024a010,STUDENT,true,true,true,true,true,true,true,PASS
CSE2024A011,cse2024a011,STUDENT,true,true,true,true,true,true,true,PASS
CSE2024A012,cse2024a012,STUDENT,true,true,true,true,true,true,true,PASS
CSE2024A013,cse2024a013,STUDENT,true,true,true,true,true,true,true,PASS
CSE2024A014,cse2024a014,STUDENT,true,true,true,true,true,true,true,PASS
CSE2024A015,cse2024a015,STUDENT,true,true,true,true,true,true,true,PASS
CSE2024A016,cse2024a016,STUDENT,true,true,true,true,true,true,true,PASS
CSE2024A017,cse2024a017,STUDENT,true,true,true,true,true,true,true,PASS
CSE2024A018,cse2024a018,STUDENT,true,true,true,true,true,true,true,PASS
CSE2024A019,cse2024a019,STUDENT,true,true,true,true,true,true,true,PASS
CSE2024A020,cse2024a020,STUDENT,true,true,true,true,true,true,true,PASS
CSE2024A021,cse2024a021,STUDENT,true,true,true,true,true,true,true,PASS
CSE2024A022,cse2024a022,STUDENT,true,true,true,true,true,true,true,PASS
CSE2024A023,cse2024a023,STUDENT,true,true,true,true,true,true,true,PASS
CSE2024A024,cse2024a024,STUDENT,true,true,true,true,true,true,true,PASS
CSE2024A025,cse2024a025,STUDENT,true,true,true,true,true,true,true,PASS
CSE2024A026,cse2024a026,STUDENT,true,true,true,true,true,true,true,PASS
CSE2024A027,cse2024a027,STUDENT,true,true,true,true,true,true,true,PASS
CSE2024A028,cse2024a028,STUDENT,true,true,true,true,true,true,true,PASS
CSE2024A029,cse2024a029,STUDENT,true,true,true,true,true,true,true,PASS
CSE2024A030,cse2024a030,STUDENT,true,true,true,true,true,true,true,PASS
CSE2023A001,cse2023a001,STUDENT,true,true,true,true,true,true,true,PASS
CSE2023A002,cse2023a002,STUDENT,true,true,true,true,true,true,true,PASS
CSE2023A003,cse2023a003,STUDENT,true,true,true,true,true,true,true,PASS
CSE2023A004,cse2023a004,STUDENT,true,true,true,true,true,true,true,PASS
CSE2023A005,cse2023a005,STUDENT,true,true,true,true,true,true,true,PASS
CSE2023A006,cse2023a006,STUDENT,true,true,true,true,true,true,true,PASS
CSE2023A007,cse2023a007,STUDENT,true,true,true,true,true,true,true,PASS
CSE2023A008,cse2023a008,STUDENT,true,true,true,true,true,true,true,PASS
CSE2023A009,cse2023a009,STUDENT,true,true,true,true,true,true,true,PASS
CSE2023A010,cse2023a010,STUDENT,true,true,true,true,true,true,true,PASS
CSE2023A011,cse2023a011,STUDENT,true,true,true,true,true,true,true,PASS
CSE2023A012,cse2023a012,STUDENT,true,true,true,true,true,true,true,PASS
CSE2023A013,cse2023a013,STUDENT,true,true,true,true,true,true,true,PASS
CSE2023A014,cse2023a014,STUDENT,true,true,true,true,true,true,true,PASS
CSE2023A015,cse2023a015,STUDENT,true,true,true,true,true,true,true,PASS
CSE2023A016,cse2023a016,STUDENT,true,true,true,true,true,true,true,PASS
CSE2023A017,cse2023a017,STUDENT,true,true,true,true,true,true,true,PASS
CSE2023A018,cse2023a018,STUDENT,true,true,true,true,true,true,true,PASS
CSE2023A019,cse2023a019,STUDENT,true,true,true,true,true,true,true,PASS
CSE2023A020,cse2023a020,STUDENT,true,true,true,true,true,true,true,PASS
CSE2023A021,cse2023a021,STUDENT,true,true,true,true,true,true,true,PASS
CSE2023A022,cse2023a022,STUDENT,true,true,true,true,true,true,true,PASS
CSE2023A023,cse2023a023,STUDENT,true,true,true,true,true,true,true,PASS
CSE2023A024,cse2023a024,STUDENT,true,true,true,true,true,true,true,PASS
CSE2023A025,cse2023a025,STUDENT,true,true,true,true,true,true,true,PASS
CSE2023A026,cse2023a026,STUDENT,true,true,true,true,true,true,true,PASS
CSE2023A027,cse2023a027,STUDENT,true,true,true,true,true,true,true,PASS
CSE2023A028,cse2023a028,STUDENT,true,true,true,true,true,true,true,PASS
CSE2023A029,cse2023a029,STUDENT,true,true,true,true,true,true,true,PASS
CSE2023A030,cse2023a030,STUDENT,true,true,true,true,true,true,true,PASS
EEE2026A001,eee2026a001,STUDENT,true,true,true,true,true,true,true,PASS
EEE2026A002,eee2026a002,STUDENT,true,true,true,true,true,true,true,PASS
EEE2026A003,eee2026a003,STUDENT,true,true,true,true,true,true,true,PASS
EEE2026A004,eee2026a004,STUDENT,true,true,true,true,true,true,true,PASS
EEE2026A005,eee2026a005,STUDENT,true,true,true,true,true,true,true,PASS
EEE2026A006,eee2026a006,STUDENT,true,true,true,true,true,true,true,PASS
EEE2026A007,eee2026a007,STUDENT,true,true,true,true,true,true,true,PASS
EEE2026A008,eee2026a008,STUDENT,true,true,true,true,true,true,true,PASS
EEE2026A009,eee2026a009,STUDENT,true,true,true,true,true,true,true,PASS
EEE2026A010,eee2026a010,STUDENT,true,true,true,true,true,true,true,PASS
EEE2026A011,eee2026a011,STUDENT,true,true,true,true,true,true,true,PASS
EEE2026A012,eee2026a012,STUDENT,true,true,true,true,true,true,true,PASS
EEE2026A013,eee2026a013,STUDENT,true,true,true,true,true,true,true,PASS
EEE2026A014,eee2026a014,STUDENT,true,true,true,true,true,true,true,PASS
EEE2026A015,eee2026a015,STUDENT,true,true,true,true,true,true,true,PASS
EEE2026A016,eee2026a016,STUDENT,true,true,true,true,true,true,true,PASS
EEE2026A017,eee2026a017,STUDENT,true,true,true,true,true,true,true,PASS
EEE2026A018,eee2026a018,STUDENT,true,true,true,true,true,true,true,PASS
EEE2026A019,eee2026a019,STUDENT,true,true,true,true,true,true,true,PASS
EEE2026A020,eee2026a020,STUDENT,true,true,true,true,true,true,true,PASS
EEE2026A021,eee2026a021,STUDENT,true,true,true,true,true,true,true,PASS
EEE2026A022,eee2026a022,STUDENT,true,true,true,true,true,true,true,PASS
EEE2026A023,eee2026a023,STUDENT,true,true,true,true,true,true,true,PASS
EEE2026A024,eee2026a024,STUDENT,true,true,true,true,true,true,true,PASS
EEE2026A025,eee2026a025,STUDENT,true,true,true,true,true,true,true,PASS
EEE2026A026,eee2026a026,STUDENT,true,true,true,true,true,true,true,PASS
EEE2026A027,eee2026a027,STUDENT,true,true,true,true,true,true,true,PASS
EEE2026A028,eee2026a028,STUDENT,true,true,true,true,true,true,true,PASS
EEE2026A029,eee2026a029,STUDENT,true,true,true,true,true,true,true,PASS
EEE2026A030,eee2026a030,STUDENT,true,true,true,true,true,true,true,PASS
EEE2025A001,eee2025a001,STUDENT,true,true,true,true,true,true,true,PASS
EEE2025A002,eee2025a002,STUDENT,true,true,true,true,true,true,true,PASS
EEE2025A003,eee2025a003,STUDENT,true,true,true,true,true,true,true,PASS
EEE2025A004,eee2025a004,STUDENT,true,true,true,true,true,true,true,PASS
EEE2025A005,eee2025a005,STUDENT,true,true,true,true,true,true,true,PASS
EEE2025A006,eee2025a006,STUDENT,true,true,true,true,true,true,true,PASS
EEE2025A007,eee2025a007,STUDENT,true,true,true,true,true,true,true,PASS
EEE2025A008,eee2025a008,STUDENT,true,true,true,true,true,true,true,PASS
EEE2025A009,eee2025a009,STUDENT,true,true,true,true,true,true,true,PASS
EEE2025A010,eee2025a010,STUDENT,true,true,true,true,true,true,true,PASS
EEE2025A011,eee2025a011,STUDENT,true,true,true,true,true,true,true,PASS
EEE2025A012,eee2025a012,STUDENT,true,true,true,true,true,true,true,PASS
EEE2025A013,eee2025a013,STUDENT,true,true,true,true,true,true,true,PASS
EEE2025A014,eee2025a014,STUDENT,true,true,true,true,true,true,true,PASS
EEE2025A015,eee2025a015,STUDENT,true,true,true,true,true,true,true,PASS
EEE2025A016,eee2025a016,STUDENT,true,true,true,true,true,true,true,PASS
EEE2025A017,eee2025a017,STUDENT,true,true,true,true,true,true,true,PASS
EEE2025A018,eee2025a018,STUDENT,true,true,true,true,true,true,true,PASS
EEE2025A019,eee2025a019,STUDENT,true,true,true,true,true,true,true,PASS
EEE2025A020,eee2025a020,STUDENT,true,true,true,true,true,true,true,PASS
EEE2025A021,eee2025a021,STUDENT,true,true,true,true,true,true,true,PASS
EEE2025A022,eee2025a022,STUDENT,true,true,true,true,true,true,true,PASS
EEE2025A023,eee2025a023,STUDENT,true,true,true,true,true,true,true,PASS
EEE2025A024,eee2025a024,STUDENT,true,true,true,true,true,true,true,PASS
EEE2025A025,eee2025a025,STUDENT,true,true,true,true,true,true,true,PASS
EEE2025A026,eee2025a026,STUDENT,true,true,true,true,true,true,true,PASS
EEE2025A027,eee2025a027,STUDENT,true,true,true,true,true,true,true,PASS
EEE2025A028,eee2025a028,STUDENT,true,true,true,true,true,true,true,PASS
EEE2025A029,eee2025a029,STUDENT,true,true,true,true,true,true,true,PASS
EEE2025A030,eee2025a030,STUDENT,true,true,true,true,true,true,true,PASS
EEE2024A001,eee2024a001,STUDENT,true,true,true,true,true,true,true,PASS
EEE2024A002,eee2024a002,STUDENT,true,true,true,true,true,true,true,PASS
EEE2024A003,eee2024a003,STUDENT,true,true,true,true,true,true,true,PASS
EEE2024A004,eee2024a004,STUDENT,true,true,true,true,true,true,true,PASS
EEE2024A005,eee2024a005,STUDENT,true,true,true,true,true,true,true,PASS
EEE2024A006,eee2024a006,STUDENT,true,true,true,true,true,true,true,PASS
EEE2024A007,eee2024a007,STUDENT,true,true,true,true,true,true,true,PASS
EEE2024A008,eee2024a008,STUDENT,true,true,true,true,true,true,true,PASS
EEE2024A009,eee2024a009,STUDENT,true,true,true,true,true,true,true,PASS
EEE2024A010,eee2024a010,STUDENT,true,true,true,true,true,true,true,PASS
EEE2024A011,eee2024a011,STUDENT,true,true,true,true,true,true,true,PASS
EEE2024A012,eee2024a012,STUDENT,true,true,true,true,true,true,true,PASS
EEE2024A013,eee2024a013,STUDENT,true,true,true,true,true,true,true,PASS
EEE2024A014,eee2024a014,STUDENT,true,true,true,true,true,true,true,PASS
EEE2024A015,eee2024a015,STUDENT,true,true,true,true,true,true,true,PASS
EEE2024A016,eee2024a016,STUDENT,true,true,true,true,true,true,true,PASS
EEE2024A017,eee2024a017,STUDENT,true,true,true,true,true,true,true,PASS
EEE2024A018,eee2024a018,STUDENT,true,true,true,true,true,true,true,PASS
EEE2024A019,eee2024a019,STUDENT,true,true,true,true,true,true,true,PASS
EEE2024A020,eee2024a020,STUDENT,true,true,true,true,true,true,true,PASS
EEE2024A021,eee2024a021,STUDENT,true,true,true,true,true,true,true,PASS
EEE2024A022,eee2024a022,STUDENT,true,true,true,true,true,true,true,PASS
EEE2024A023,eee2024a023,STUDENT,true,true,true,true,true,true,true,PASS
EEE2024A024,eee2024a024,STUDENT,true,true,true,true,true,true,true,PASS
EEE2024A025,eee2024a025,STUDENT,true,true,true,true,true,true,true,PASS
EEE2024A026,eee2024a026,STUDENT,true,true,true,true,true,true,true,PASS
EEE2024A027,eee2024a027,STUDENT,true,true,true,true,true,true,true,PASS
EEE2024A028,eee2024a028,STUDENT,true,true,true,true,true,true,true,PASS
EEE2024A029,eee2024a029,STUDENT,true,true,true,true,true,true,true,PASS
EEE2024A030,eee2024a030,STUDENT,true,true,true,true,true,true,true,PASS
EEE2023A001,eee2023a001,STUDENT,true,true,true,true,true,true,true,PASS
EEE2023A002,eee2023a002,STUDENT,true,true,true,true,true,true,true,PASS
EEE2023A003,eee2023a003,STUDENT,true,true,true,true,true,true,true,PASS
EEE2023A004,eee2023a004,STUDENT,true,true,true,true,true,true,true,PASS
EEE2023A005,eee2023a005,STUDENT,true,true,true,true,true,true,true,PASS
EEE2023A006,eee2023a006,STUDENT,true,true,true,true,true,true,true,PASS
EEE2023A007,eee2023a007,STUDENT,true,true,true,true,true,true,true,PASS
EEE2023A008,eee2023a008,STUDENT,true,true,true,true,true,true,true,PASS
EEE2023A009,eee2023a009,STUDENT,true,true,true,true,true,true,true,PASS
EEE2023A010,eee2023a010,STUDENT,true,true,true,true,true,true,true,PASS
EEE2023A011,eee2023a011,STUDENT,true,true,true,true,true,true,true,PASS
EEE2023A012,eee2023a012,STUDENT,true,true,true,true,true,true,true,PASS
EEE2023A013,eee2023a013,STUDENT,true,true,true,true,true,true,true,PASS
EEE2023A014,eee2023a014,STUDENT,true,true,true,true,true,true,true,PASS
EEE2023A015,eee2023a015,STUDENT,true,true,true,true,true,true,true,PASS
EEE2023A016,eee2023a016,STUDENT,true,true,true,true,true,true,true,PASS
EEE2023A017,eee2023a017,STUDENT,true,true,true,true,true,true,true,PASS
EEE2023A018,eee2023a018,STUDENT,true,true,true,true,true,true,true,PASS
EEE2023A019,eee2023a019,STUDENT,true,true,true,true,true,true,true,PASS
EEE2023A020,eee2023a020,STUDENT,true,true,true,true,true,true,true,PASS
EEE2023A021,eee2023a021,STUDENT,true,true,true,true,true,true,true,PASS
EEE2023A022,eee2023a022,STUDENT,true,true,true,true,true,true,true,PASS
EEE2023A023,eee2023a023,STUDENT,true,true,true,true,true,true,true,PASS
EEE2023A024,eee2023a024,STUDENT,true,true,true,true,true,true,true,PASS
EEE2023A025,eee2023a025,STUDENT,true,true,true,true,true,true,true,PASS
EEE2023A026,eee2023a026,STUDENT,true,true,true,true,true,true,true,PASS
EEE2023A027,eee2023a027,STUDENT,true,true,true,true,true,true,true,PASS
EEE2023A028,eee2023a028,STUDENT,true,true,true,true,true,true,true,PASS
EEE2023A029,eee2023a029,STUDENT,true,true,true,true,true,true,true,PASS
EEE2023A030,eee2023a030,STUDENT,true,true,true,true,true,true,true,PASS
ECE2026A001,ece2026a001,STUDENT,true,true,true,true,true,true,true,PASS
ECE2026A002,ece2026a002,STUDENT,true,true,true,true,true,true,true,PASS
ECE2026A003,ece2026a003,STUDENT,true,true,true,true,true,true,true,PASS
ECE2026A004,ece2026a004,STUDENT,true,true,true,true,true,true,true,PASS
ECE2026A005,ece2026a005,STUDENT,true,true,true,true,true,true,true,PASS
ECE2026A006,ece2026a006,STUDENT,true,true,true,true,true,true,true,PASS
ECE2026A007,ece2026a007,STUDENT,true,true,true,true,true,true,true,PASS
ECE2026A008,ece2026a008,STUDENT,true,true,true,true,true,true,true,PASS
ECE2026A009,ece2026a009,STUDENT,true,true,true,true,true,true,true,PASS
ECE2026A010,ece2026a010,STUDENT,true,true,true,true,true,true,true,PASS
ECE2026A011,ece2026a011,STUDENT,true,true,true,true,true,true,true,PASS
ECE2026A012,ece2026a012,STUDENT,true,true,true,true,true,true,true,PASS
ECE2026A013,ece2026a013,STUDENT,true,true,true,true,true,true,true,PASS
ECE2026A014,ece2026a014,STUDENT,true,true,true,true,true,true,true,PASS
ECE2026A015,ece2026a015,STUDENT,true,true,true,true,true,true,true,PASS
ECE2026A016,ece2026a016,STUDENT,true,true,true,true,true,true,true,PASS
ECE2026A017,ece2026a017,STUDENT,true,true,true,true,true,true,true,PASS
ECE2026A018,ece2026a018,STUDENT,true,true,true,true,true,true,true,PASS
ECE2026A019,ece2026a019,STUDENT,true,true,true,true,true,true,true,PASS
ECE2026A020,ece2026a020,STUDENT,true,true,true,true,true,true,true,PASS
ECE2026A021,ece2026a021,STUDENT,true,true,true,true,true,true,true,PASS
ECE2026A022,ece2026a022,STUDENT,true,true,true,true,true,true,true,PASS
ECE2026A023,ece2026a023,STUDENT,true,true,true,true,true,true,true,PASS
ECE2026A024,ece2026a024,STUDENT,true,true,true,true,true,true,true,PASS
ECE2026A025,ece2026a025,STUDENT,true,true,true,true,true,true,true,PASS
ECE2026A026,ece2026a026,STUDENT,true,true,true,true,true,true,true,PASS
ECE2026A027,ece2026a027,STUDENT,true,true,true,true,true,true,true,PASS
ECE2026A028,ece2026a028,STUDENT,true,true,true,true,true,true,true,PASS
ECE2026A029,ece2026a029,STUDENT,true,true,true,true,true,true,true,PASS
ECE2026A030,ece2026a030,STUDENT,true,true,true,true,true,true,true,PASS
ECE2025A001,ece2025a001,STUDENT,true,true,true,true,true,true,true,PASS
ECE2025A002,ece2025a002,STUDENT,true,true,true,true,true,true,true,PASS
ECE2025A003,ece2025a003,STUDENT,true,true,true,true,true,true,true,PASS
ECE2025A004,ece2025a004,STUDENT,true,true,true,true,true,true,true,PASS
ECE2025A005,ece2025a005,STUDENT,true,true,true,true,true,true,true,PASS
ECE2025A006,ece2025a006,STUDENT,true,true,true,true,true,true,true,PASS
ECE2025A007,ece2025a007,STUDENT,true,true,true,true,true,true,true,PASS
ECE2025A008,ece2025a008,STUDENT,true,true,true,true,true,true,true,PASS
ECE2025A009,ece2025a009,STUDENT,true,true,true,true,true,true,true,PASS
ECE2025A010,ece2025a010,STUDENT,true,true,true,true,true,true,true,PASS
ECE2025A011,ece2025a011,STUDENT,true,true,true,true,true,true,true,PASS
ECE2025A012,ece2025a012,STUDENT,true,true,true,true,true,true,true,PASS
ECE2025A013,ece2025a013,STUDENT,true,true,true,true,true,true,true,PASS
ECE2025A014,ece2025a014,STUDENT,true,true,true,true,true,true,true,PASS
ECE2025A015,ece2025a015,STUDENT,true,true,true,true,true,true,true,PASS
ECE2025A016,ece2025a016,STUDENT,true,true,true,true,true,true,true,PASS
ECE2025A017,ece2025a017,STUDENT,true,true,true,true,true,true,true,PASS
ECE2025A018,ece2025a018,STUDENT,true,true,true,true,true,true,true,PASS
ECE2025A019,ece2025a019,STUDENT,true,true,true,true,true,true,true,PASS
ECE2025A020,ece2025a020,STUDENT,true,true,true,true,true,true,true,PASS
ECE2025A021,ece2025a021,STUDENT,true,true,true,true,true,true,true,PASS
ECE2025A022,ece2025a022,STUDENT,true,true,true,true,true,true,true,PASS
ECE2025A023,ece2025a023,STUDENT,true,true,true,true,true,true,true,PASS
ECE2025A024,ece2025a024,STUDENT,true,true,true,true,true,true,true,PASS
ECE2025A025,ece2025a025,STUDENT,true,true,true,true,true,true,true,PASS
ECE2025A026,ece2025a026,STUDENT,true,true,true,true,true,true,true,PASS
ECE2025A027,ece2025a027,STUDENT,true,true,true,true,true,true,true,PASS
ECE2025A028,ece2025a028,STUDENT,true,true,true,true,true,true,true,PASS
ECE2025A029,ece2025a029,STUDENT,true,true,true,true,true,true,true,PASS
ECE2025A030,ece2025a030,STUDENT,true,true,true,true,true,true,true,PASS
ECE2024A001,ece2024a001,STUDENT,true,true,true,true,true,true,true,PASS
ECE2024A002,ece2024a002,STUDENT,true,true,true,true,true,true,true,PASS
ECE2024A003,ece2024a003,STUDENT,true,true,true,true,true,true,true,PASS
ECE2024A004,ece2024a004,STUDENT,true,true,true,true,true,true,true,PASS
ECE2024A005,ece2024a005,STUDENT,true,true,true,true,true,true,true,PASS
ECE2024A006,ece2024a006,STUDENT,true,true,true,true,true,true,true,PASS
ECE2024A007,ece2024a007,STUDENT,true,true,true,true,true,true,true,PASS
ECE2024A008,ece2024a008,STUDENT,true,true,true,true,true,true,true,PASS
ECE2024A009,ece2024a009,STUDENT,true,true,true,true,true,true,true,PASS
ECE2024A010,ece2024a010,STUDENT,true,true,true,true,true,true,true,PASS
ECE2024A011,ece2024a011,STUDENT,true,true,true,true,true,true,true,PASS
ECE2024A012,ece2024a012,STUDENT,true,true,true,true,true,true,true,PASS
ECE2024A013,ece2024a013,STUDENT,true,true,true,true,true,true,true,PASS
ECE2024A014,ece2024a014,STUDENT,true,true,true,true,true,true,true,PASS
ECE2024A015,ece2024a015,STUDENT,true,true,true,true,true,true,true,PASS
ECE2024A016,ece2024a016,STUDENT,true,true,true,true,true,true,true,PASS
ECE2024A017,ece2024a017,STUDENT,true,true,true,true,true,true,true,PASS
ECE2024A018,ece2024a018,STUDENT,true,true,true,true,true,true,true,PASS
ECE2024A019,ece2024a019,STUDENT,true,true,true,true,true,true,true,PASS
ECE2024A020,ece2024a020,STUDENT,true,true,true,true,true,true,true,PASS
ECE2024A021,ece2024a021,STUDENT,true,true,true,true,true,true,true,PASS
ECE2024A022,ece2024a022,STUDENT,true,true,true,true,true,true,true,PASS
ECE2024A023,ece2024a023,STUDENT,true,true,true,true,true,true,true,PASS
ECE2024A024,ece2024a024,STUDENT,true,true,true,true,true,true,true,PASS
ECE2024A025,ece2024a025,STUDENT,true,true,true,true,true,true,true,PASS
ECE2024A026,ece2024a026,STUDENT,true,true,true,true,true,true,true,PASS
ECE2024A027,ece2024a027,STUDENT,true,true,true,true,true,true,true,PASS
ECE2024A028,ece2024a028,STUDENT,true,true,true,true,true,true,true,PASS
ECE2024A029,ece2024a029,STUDENT,true,true,true,true,true,true,true,PASS
ECE2024A030,ece2024a030,STUDENT,true,true,true,true,true,true,true,PASS
ECE2023A001,ece2023a001,STUDENT,true,true,true,true,true,true,true,PASS
ECE2023A002,ece2023a002,STUDENT,true,true,true,true,true,true,true,PASS
ECE2023A003,ece2023a003,STUDENT,true,true,true,true,true,true,true,PASS
ECE2023A004,ece2023a004,STUDENT,true,true,true,true,true,true,true,PASS
ECE2023A005,ece2023a005,STUDENT,true,true,true,true,true,true,true,PASS
ECE2023A006,ece2023a006,STUDENT,true,true,true,true,true,true,true,PASS
ECE2023A007,ece2023a007,STUDENT,true,true,true,true,true,true,true,PASS
ECE2023A008,ece2023a008,STUDENT,true,true,true,true,true,true,true,PASS
ECE2023A009,ece2023a009,STUDENT,true,true,true,true,true,true,true,PASS
ECE2023A010,ece2023a010,STUDENT,true,true,true,true,true,true,true,PASS
ECE2023A011,ece2023a011,STUDENT,true,true,true,true,true,true,true,PASS
ECE2023A012,ece2023a012,STUDENT,true,true,true,true,true,true,true,PASS
ECE2023A013,ece2023a013,STUDENT,true,true,true,true,true,true,true,PASS
ECE2023A014,ece2023a014,STUDENT,true,true,true,true,true,true,true,PASS
ECE2023A015,ece2023a015,STUDENT,true,true,true,true,true,true,true,PASS
ECE2023A016,ece2023a016,STUDENT,true,true,true,true,true,true,true,PASS
ECE2023A017,ece2023a017,STUDENT,true,true,true,true,true,true,true,PASS
ECE2023A018,ece2023a018,STUDENT,true,true,true,true,true,true,true,PASS
ECE2023A019,ece2023a019,STUDENT,true,true,true,true,true,true,true,PASS
ECE2023A020,ece2023a020,STUDENT,true,true,true,true,true,true,true,PASS
ECE2023A021,ece2023a021,STUDENT,true,true,true,true,true,true,true,PASS
ECE2023A022,ece2023a022,STUDENT,true,true,true,true,true,true,true,PASS
ECE2023A023,ece2023a023,STUDENT,true,true,true,true,true,true,true,PASS
ECE2023A024,ece2023a024,STUDENT,true,true,true,true,true,true,true,PASS
ECE2023A025,ece2023a025,STUDENT,true,true,true,true,true,true,true,PASS
ECE2023A026,ece2023a026,STUDENT,true,true,true,true,true,true,true,PASS
ECE2023A027,ece2023a027,STUDENT,true,true,true,true,true,true,true,PASS
ECE2023A028,ece2023a028,STUDENT,true,true,true,true,true,true,true,PASS
ECE2023A029,ece2023a029,STUDENT,true,true,true,true,true,true,true,PASS
ECE2023A030,ece2023a030,STUDENT,true,true,true,true,true,true,true,PASS
MECH2026A001,mech2026a001,STUDENT,true,true,true,true,true,true,true,PASS
MECH2026A002,mech2026a002,STUDENT,true,true,true,true,true,true,true,PASS
MECH2026A003,mech2026a003,STUDENT,true,true,true,true,true,true,true,PASS
MECH2026A004,mech2026a004,STUDENT,true,true,true,true,true,true,true,PASS
MECH2026A005,mech2026a005,STUDENT,true,true,true,true,true,true,true,PASS
MECH2026A006,mech2026a006,STUDENT,true,true,true,true,true,true,true,PASS
MECH2026A007,mech2026a007,STUDENT,true,true,true,true,true,true,true,PASS
MECH2026A008,mech2026a008,STUDENT,true,true,true,true,true,true,true,PASS
MECH2026A009,mech2026a009,STUDENT,true,true,true,true,true,true,true,PASS
MECH2026A010,mech2026a010,STUDENT,true,true,true,true,true,true,true,PASS
MECH2026A011,mech2026a011,STUDENT,true,true,true,true,true,true,true,PASS
MECH2026A012,mech2026a012,STUDENT,true,true,true,true,true,true,true,PASS
MECH2026A013,mech2026a013,STUDENT,true,true,true,true,true,true,true,PASS
MECH2026A014,mech2026a014,STUDENT,true,true,true,true,true,true,true,PASS
MECH2026A015,mech2026a015,STUDENT,true,true,true,true,true,true,true,PASS
MECH2026A016,mech2026a016,STUDENT,true,true,true,true,true,true,true,PASS
MECH2026A017,mech2026a017,STUDENT,true,true,true,true,true,true,true,PASS
MECH2026A018,mech2026a018,STUDENT,true,true,true,true,true,true,true,PASS
MECH2026A019,mech2026a019,STUDENT,true,true,true,true,true,true,true,PASS
MECH2026A020,mech2026a020,STUDENT,true,true,true,true,true,true,true,PASS
MECH2026A021,mech2026a021,STUDENT,true,true,true,true,true,true,true,PASS
MECH2026A022,mech2026a022,STUDENT,true,true,true,true,true,true,true,PASS
MECH2026A023,mech2026a023,STUDENT,true,true,true,true,true,true,true,PASS
MECH2026A024,mech2026a024,STUDENT,true,true,true,true,true,true,true,PASS
MECH2026A025,mech2026a025,STUDENT,true,true,true,true,true,true,true,PASS
MECH2026A026,mech2026a026,STUDENT,true,true,true,true,true,true,true,PASS
MECH2026A027,mech2026a027,STUDENT,true,true,true,true,true,true,true,PASS
MECH2026A028,mech2026a028,STUDENT,true,true,true,true,true,true,true,PASS
MECH2026A029,mech2026a029,STUDENT,true,true,true,true,true,true,true,PASS
MECH2026A030,mech2026a030,STUDENT,true,true,true,true,true,true,true,PASS
MECH2025A001,mech2025a001,STUDENT,true,true,true,true,true,true,true,PASS
MECH2025A002,mech2025a002,STUDENT,true,true,true,true,true,true,true,PASS
MECH2025A003,mech2025a003,STUDENT,true,true,true,true,true,true,true,PASS
MECH2025A004,mech2025a004,STUDENT,true,true,true,true,true,true,true,PASS
MECH2025A005,mech2025a005,STUDENT,true,true,true,true,true,true,true,PASS
MECH2025A006,mech2025a006,STUDENT,true,true,true,true,true,true,true,PASS
MECH2025A007,mech2025a007,STUDENT,true,true,true,true,true,true,true,PASS
MECH2025A008,mech2025a008,STUDENT,true,true,true,true,true,true,true,PASS
MECH2025A009,mech2025a009,STUDENT,true,true,true,true,true,true,true,PASS
MECH2025A010,mech2025a010,STUDENT,true,true,true,true,true,true,true,PASS
MECH2025A011,mech2025a011,STUDENT,true,true,true,true,true,true,true,PASS
MECH2025A012,mech2025a012,STUDENT,true,true,true,true,true,true,true,PASS
MECH2025A013,mech2025a013,STUDENT,true,true,true,true,true,true,true,PASS
MECH2025A014,mech2025a014,STUDENT,true,true,true,true,true,true,true,PASS
MECH2025A015,mech2025a015,STUDENT,true,true,true,true,true,true,true,PASS
MECH2025A016,mech2025a016,STUDENT,true,true,true,true,true,true,true,PASS
MECH2025A017,mech2025a017,STUDENT,true,true,true,true,true,true,true,PASS
MECH2025A018,mech2025a018,STUDENT,true,true,true,true,true,true,true,PASS
MECH2025A019,mech2025a019,STUDENT,true,true,true,true,true,true,true,PASS
MECH2025A020,mech2025a020,STUDENT,true,true,true,true,true,true,true,PASS
MECH2025A021,mech2025a021,STUDENT,true,true,true,true,true,true,true,PASS
MECH2025A022,mech2025a022,STUDENT,true,true,true,true,true,true,true,PASS
MECH2025A023,mech2025a023,STUDENT,true,true,true,true,true,true,true,PASS
MECH2025A024,mech2025a024,STUDENT,true,true,true,true,true,true,true,PASS
MECH2025A025,mech2025a025,STUDENT,true,true,true,true,true,true,true,PASS
MECH2025A026,mech2025a026,STUDENT,true,true,true,true,true,true,true,PASS
MECH2025A027,mech2025a027,STUDENT,true,true,true,true,true,true,true,PASS
MECH2025A028,mech2025a028,STUDENT,true,true,true,true,true,true,true,PASS
MECH2025A029,mech2025a029,STUDENT,true,true,true,true,true,true,true,PASS
MECH2025A030,mech2025a030,STUDENT,true,true,true,true,true,true,true,PASS
MECH2024A001,mech2024a001,STUDENT,true,true,true,true,true,true,true,PASS
MECH2024A002,mech2024a002,STUDENT,true,true,true,true,true,true,true,PASS
MECH2024A003,mech2024a003,STUDENT,true,true,true,true,true,true,true,PASS
MECH2024A004,mech2024a004,STUDENT,true,true,true,true,true,true,true,PASS
MECH2024A005,mech2024a005,STUDENT,true,true,true,true,true,true,true,PASS
MECH2024A006,mech2024a006,STUDENT,true,true,true,true,true,true,true,PASS
MECH2024A007,mech2024a007,STUDENT,true,true,true,true,true,true,true,PASS
MECH2024A008,mech2024a008,STUDENT,true,true,true,true,true,true,true,PASS
MECH2024A009,mech2024a009,STUDENT,true,true,true,true,true,true,true,PASS
MECH2024A010,mech2024a010,STUDENT,true,true,true,true,true,true,true,PASS
MECH2024A011,mech2024a011,STUDENT,true,true,true,true,true,true,true,PASS
MECH2024A012,mech2024a012,STUDENT,true,true,true,true,true,true,true,PASS
MECH2024A013,mech2024a013,STUDENT,true,true,true,true,true,true,true,PASS
MECH2024A014,mech2024a014,STUDENT,true,true,true,true,true,true,true,PASS
MECH2024A015,mech2024a015,STUDENT,true,true,true,true,true,true,true,PASS
MECH2024A016,mech2024a016,STUDENT,true,true,true,true,true,true,true,PASS
MECH2024A017,mech2024a017,STUDENT,true,true,true,true,true,true,true,PASS
MECH2024A018,mech2024a018,STUDENT,true,true,true,true,true,true,true,PASS
MECH2024A019,mech2024a019,STUDENT,true,true,true,true,true,true,true,PASS
MECH2024A020,mech2024a020,STUDENT,true,true,true,true,true,true,true,PASS
MECH2024A021,mech2024a021,STUDENT,true,true,true,true,true,true,true,PASS
MECH2024A022,mech2024a022,STUDENT,true,true,true,true,true,true,true,PASS
MECH2024A023,mech2024a023,STUDENT,true,true,true,true,true,true,true,PASS
MECH2024A024,mech2024a024,STUDENT,true,true,true,true,true,true,true,PASS
MECH2024A025,mech2024a025,STUDENT,true,true,true,true,true,true,true,PASS
MECH2024A026,mech2024a026,STUDENT,true,true,true,true,true,true,true,PASS
MECH2024A027,mech2024a027,STUDENT,true,true,true,true,true,true,true,PASS
MECH2024A028,mech2024a028,STUDENT,true,true,true,true,true,true,true,PASS
MECH2024A029,mech2024a029,STUDENT,true,true,true,true,true,true,true,PASS
MECH2024A030,mech2024a030,STUDENT,true,true,true,true,true,true,true,PASS
MECH2023A001,mech2023a001,STUDENT,true,true,true,true,true,true,true,PASS
MECH2023A002,mech2023a002,STUDENT,true,true,true,true,true,true,true,PASS
MECH2023A003,mech2023a003,STUDENT,true,true,true,true,true,true,true,PASS
MECH2023A004,mech2023a004,STUDENT,true,true,true,true,true,true,true,PASS
MECH2023A005,mech2023a005,STUDENT,true,true,true,true,true,true,true,PASS
MECH2023A006,mech2023a006,STUDENT,true,true,true,true,true,true,true,PASS
MECH2023A007,mech2023a007,STUDENT,true,true,true,true,true,true,true,PASS
MECH2023A008,mech2023a008,STUDENT,true,true,true,true,true,true,true,PASS
MECH2023A009,mech2023a009,STUDENT,true,true,true,true,true,true,true,PASS
MECH2023A010,mech2023a010,STUDENT,true,true,true,true,true,true,true,PASS
MECH2023A011,mech2023a011,STUDENT,true,true,true,true,true,true,true,PASS
MECH2023A012,mech2023a012,STUDENT,true,true,true,true,true,true,true,PASS
MECH2023A013,mech2023a013,STUDENT,true,true,true,true,true,true,true,PASS
MECH2023A014,mech2023a014,STUDENT,true,true,true,true,true,true,true,PASS
MECH2023A015,mech2023a015,STUDENT,true,true,true,true,true,true,true,PASS
MECH2023A016,mech2023a016,STUDENT,true,true,true,true,true,true,true,PASS
MECH2023A017,mech2023a017,STUDENT,true,true,true,true,true,true,true,PASS
MECH2023A018,mech2023a018,STUDENT,true,true,true,true,true,true,true,PASS
MECH2023A019,mech2023a019,STUDENT,true,true,true,true,true,true,true,PASS
MECH2023A020,mech2023a020,STUDENT,true,true,true,true,true,true,true,PASS
MECH2023A021,mech2023a021,STUDENT,true,true,true,true,true,true,true,PASS
MECH2023A022,mech2023a022,STUDENT,true,true,true,true,true,true,true,PASS
MECH2023A023,mech2023a023,STUDENT,true,true,true,true,true,true,true,PASS
MECH2023A024,mech2023a024,STUDENT,true,true,true,true,true,true,true,PASS
MECH2023A025,mech2023a025,STUDENT,true,true,true,true,true,true,true,PASS
MECH2023A026,mech2023a026,STUDENT,true,true,true,true,true,true,true,PASS
MECH2023A027,mech2023a027,STUDENT,true,true,true,true,true,true,true,PASS
MECH2023A028,mech2023a028,STUDENT,true,true,true,true,true,true,true,PASS
MECH2023A029,mech2023a029,STUDENT,true,true,true,true,true,true,true,PASS
MECH2023A030,mech2023a030,STUDENT,true,true,true,true,true,true,true,PASS
AGRI2026A001,agri2026a001,STUDENT,true,true,true,true,true,true,true,PASS
AGRI2026A002,agri2026a002,STUDENT,true,true,true,true,true,true,true,PASS
AGRI2026A003,agri2026a003,STUDENT,true,true,true,true,true,true,true,PASS
AGRI2026A004,agri2026a004,STUDENT,true,true,true,true,true,true,true,PASS
AGRI2026A005,agri2026a005,STUDENT,true,true,true,true,true,true,true,PASS
AGRI2026A006,agri2026a006,STUDENT,true,true,true,true,true,true,true,PASS
AGRI2026A007,agri2026a007,STUDENT,true,true,true,true,true,true,true,PASS
AGRI2026A008,agri2026a008,STUDENT,true,true,true,true,true,true,true,PASS
AGRI2026A009,agri2026a009,STUDENT,true,true,true,true,true,true,true,PASS
AGRI2026A010,agri2026a010,STUDENT,true,true,true,true,true,true,true,PASS
AGRI2026A011,agri2026a011,STUDENT,true,true,true,true,true,true,true,PASS
AGRI2026A012,agri2026a012,STUDENT,true,true,true,true,true,true,true,PASS
AGRI2026A013,agri2026a013,STUDENT,true,true,true,true,true,true,true,PASS
AGRI2026A014,agri2026a014,STUDENT,true,true,true,true,true,true,true,PASS
AGRI2026A015,agri2026a015,STUDENT,true,true,true,true,true,true,true,PASS
AGRI2026A016,agri2026a016,STUDENT,true,true,true,true,true,true,true,PASS
AGRI2026A017,agri2026a017,STUDENT,true,true,true,true,true,true,true,PASS
AGRI2026A018,agri2026a018,STUDENT,true,true,true,true,true,true,true,PASS
AGRI2026A019,agri2026a019,STUDENT,true,true,true,true,true,true,true,PASS
AGRI2026A020,agri2026a020,STUDENT,true,true,true,true,true,true,true,PASS
AGRI2026A021,agri2026a021,STUDENT,true,true,true,true,true,true,true,PASS
AGRI2026A022,agri2026a022,STUDENT,true,true,true,true,true,true,true,PASS
AGRI2026A023,agri2026a023,STUDENT,true,true,true,true,true,true,true,PASS
AGRI2026A024,agri2026a024,STUDENT,true,true,true,true,true,true,true,PASS
AGRI2026A025,agri2026a025,STUDENT,true,true,true,true,true,true,true,PASS
AGRI2026A026,agri2026a026,STUDENT,true,true,true,true,true,true,true,PASS
AGRI2026A027,agri2026a027,STUDENT,true,true,true,true,true,true,true,PASS
AGRI2026A028,agri2026a028,STUDENT,true,true,true,true,true,true,true,PASS
AGRI2026A029,agri2026a029,STUDENT,true,true,true,true,true,true,true,PASS
AGRI2026A030,agri2026a030,STUDENT,true,true,true,true,true,true,true,PASS
AGRI2025A001,agri2025a001,STUDENT,true,true,true,true,true,true,true,PASS
AGRI2025A002,agri2025a002,STUDENT,true,true,true,true,true,true,true,PASS
AGRI2025A003,agri2025a003,STUDENT,true,true,true,true,true,true,true,PASS
AGRI2025A004,agri2025a004,STUDENT,true,true,true,true,true,true,true,PASS
AGRI2025A005,agri2025a005,STUDENT,true,true,true,true,true,true,true,PASS
AGRI2025A006,agri2025a006,STUDENT,true,true,true,true,true,true,true,PASS
AGRI2025A007,agri2025a007,STUDENT,true,true,true,true,true,true,true,PASS
AGRI2025A008,agri2025a008,STUDENT,true,true,true,true,true,true,true,PASS
AGRI2025A009,agri2025a009,STUDENT,true,true,true,true,true,true,true,PASS
AGRI2025A010,agri2025a010,STUDENT,true,true,true,true,true,true,true,PASS
AGRI2025A011,agri2025a011,STUDENT,true,true,true,true,true,true,true,PASS
AGRI2025A012,agri2025a012,STUDENT,true,true,true,true,true,true,true,PASS
AGRI2025A013,agri2025a013,STUDENT,true,true,true,true,true,true,true,PASS
AGRI2025A014,agri2025a014,STUDENT,true,true,true,true,true,true,true,PASS
AGRI2025A015,agri2025a015,STUDENT,true,true,true,true,true,true,true,PASS
AGRI2025A016,agri2025a016,STUDENT,true,true,true,true,true,true,true,PASS
AGRI2025A017,agri2025a017,STUDENT,true,true,true,true,true,true,true,PASS
AGRI2025A018,agri2025a018,STUDENT,true,true,true,true,true,true,true,PASS
AGRI2025A019,agri2025a019,STUDENT,true,true,true,true,true,true,true,PASS
AGRI2025A020,agri2025a020,STUDENT,true,true,true,true,true,true,true,PASS
AGRI2025A021,agri2025a021,STUDENT,true,true,true,true,true,true,true,PASS
AGRI2025A022,agri2025a022,STUDENT,true,true,true,true,true,true,true,PASS
AGRI2025A023,agri2025a023,STUDENT,true,true,true,true,true,true,true,PASS
AGRI2025A024,agri2025a024,STUDENT,true,true,true,true,true,true,true,PASS
AGRI2025A025,agri2025a025,STUDENT,true,true,true,true,true,true,true,PASS
AGRI2025A026,agri2025a026,STUDENT,true,true,true,true,true,true,true,PASS
AGRI2025A027,agri2025a027,STUDENT,true,true,true,true,true,true,true,PASS
AGRI2025A028,agri2025a028,STUDENT,true,true,true,true,true,true,true,PASS
AGRI2025A029,agri2025a029,STUDENT,true,true,true,true,true,true,true,PASS
AGRI2025A030,agri2025a030,STUDENT,true,true,true,true,true,true,true,PASS
AGRI2024A001,agri2024a001,STUDENT,true,true,true,true,true,true,true,PASS
AGRI2024A002,agri2024a002,STUDENT,true,true,true,true,true,true,true,PASS
AGRI2024A003,agri2024a003,STUDENT,true,true,true,true,true,true,true,PASS
AGRI2024A004,agri2024a004,STUDENT,true,true,true,true,true,true,true,PASS
AGRI2024A005,agri2024a005,STUDENT,true,true,true,true,true,true,true,PASS
AGRI2024A006,agri2024a006,STUDENT,true,true,true,true,true,true,true,PASS
AGRI2024A007,agri2024a007,STUDENT,true,true,true,true,true,true,true,PASS
AGRI2024A008,agri2024a008,STUDENT,true,true,true,true,true,true,true,PASS
AGRI2024A009,agri2024a009,STUDENT,true,true,true,true,true,true,true,PASS
AGRI2024A010,agri2024a010,STUDENT,true,true,true,true,true,true,true,PASS
AGRI2024A011,agri2024a011,STUDENT,true,true,true,true,true,true,true,PASS
AGRI2024A012,agri2024a012,STUDENT,true,true,true,true,true,true,true,PASS
AGRI2024A013,agri2024a013,STUDENT,true,true,true,true,true,true,true,PASS
AGRI2024A014,agri2024a014,STUDENT,true,true,true,true,true,true,true,PASS
AGRI2024A015,agri2024a015,STUDENT,true,true,true,true,true,true,true,PASS
AGRI2024A016,agri2024a016,STUDENT,true,true,true,true,true,true,true,PASS
AGRI2024A017,agri2024a017,STUDENT,true,true,true,true,true,true,true,PASS
AGRI2024A018,agri2024a018,STUDENT,true,true,true,true,true,true,true,PASS
AGRI2024A019,agri2024a019,STUDENT,true,true,true,true,true,true,true,PASS
AGRI2024A020,agri2024a020,STUDENT,true,true,true,true,true,true,true,PASS
AGRI2024A021,agri2024a021,STUDENT,true,true,true,true,true,true,true,PASS
AGRI2024A022,agri2024a022,STUDENT,true,true,true,true,true,true,true,PASS
AGRI2024A023,agri2024a023,STUDENT,true,true,true,true,true,true,true,PASS
AGRI2024A024,agri2024a024,STUDENT,true,true,true,true,true,true,true,PASS
AGRI2024A025,agri2024a025,STUDENT,true,true,true,true,true,true,true,PASS
AGRI2024A026,agri2024a026,STUDENT,true,true,true,true,true,true,true,PASS
AGRI2024A027,agri2024a027,STUDENT,true,true,true,true,true,true,true,PASS
AGRI2024A028,agri2024a028,STUDENT,true,true,true,true,true,true,true,PASS
AGRI2024A029,agri2024a029,STUDENT,true,true,true,true,true,true,true,PASS
AGRI2024A030,agri2024a030,STUDENT,true,true,true,true,true,true,true,PASS
AGRI2023A001,agri2023a001,STUDENT,true,true,true,true,true,true,true,PASS
AGRI2023A002,agri2023a002,STUDENT,true,true,true,true,true,true,true,PASS
AGRI2023A003,agri2023a003,STUDENT,true,true,true,true,true,true,true,PASS
AGRI2023A004,agri2023a004,STUDENT,true,true,true,true,true,true,true,PASS
AGRI2023A005,agri2023a005,STUDENT,true,true,true,true,true,true,true,PASS
AGRI2023A006,agri2023a006,STUDENT,true,true,true,true,true,true,true,PASS
AGRI2023A007,agri2023a007,STUDENT,true,true,true,true,true,true,true,PASS
AGRI2023A008,agri2023a008,STUDENT,true,true,true,true,true,true,true,PASS
AGRI2023A009,agri2023a009,STUDENT,true,true,true,true,true,true,true,PASS
AGRI2023A010,agri2023a010,STUDENT,true,true,true,true,true,true,true,PASS
AGRI2023A011,agri2023a011,STUDENT,true,true,true,true,true,true,true,PASS
AGRI2023A012,agri2023a012,STUDENT,true,true,true,true,true,true,true,PASS
AGRI2023A013,agri2023a013,STUDENT,true,true,true,true,true,true,true,PASS
AGRI2023A014,agri2023a014,STUDENT,true,true,true,true,true,true,true,PASS
AGRI2023A015,agri2023a015,STUDENT,true,true,true,true,true,true,true,PASS
AGRI2023A016,agri2023a016,STUDENT,true,true,true,true,true,true,true,PASS
AGRI2023A017,agri2023a017,STUDENT,true,true,true,true,true,true,true,PASS
AGRI2023A018,agri2023a018,STUDENT,true,true,true,true,true,true,true,PASS
AGRI2023A019,agri2023a019,STUDENT,true,true,true,true,true,true,true,PASS
AGRI2023A020,agri2023a020,STUDENT,true,true,true,true,true,true,true,PASS
AGRI2023A021,agri2023a021,STUDENT,true,true,true,true,true,true,true,PASS
AGRI2023A022,agri2023a022,STUDENT,true,true,true,true,true,true,true,PASS
AGRI2023A023,agri2023a023,STUDENT,true,true,true,true,true,true,true,PASS
AGRI2023A024,agri2023a024,STUDENT,true,true,true,true,true,true,true,PASS
AGRI2023A025,agri2023a025,STUDENT,true,true,true,true,true,true,true,PASS
AGRI2023A026,agri2023a026,STUDENT,true,true,true,true,true,true,true,PASS
AGRI2023A027,agri2023a027,STUDENT,true,true,true,true,true,true,true,PASS
AGRI2023A028,agri2023a028,STUDENT,true,true,true,true,true,true,true,PASS
AGRI2023A029,agri2023a029,STUDENT,true,true,true,true,true,true,true,PASS
AGRI2023A030,agri2023a030,STUDENT,true,true,true,true,true,true,true,PASS
AIDS2026A001,aids2026a001,STUDENT,true,true,true,true,true,true,true,PASS
AIDS2026A002,aids2026a002,STUDENT,true,true,true,true,true,true,true,PASS
AIDS2026A003,aids2026a003,STUDENT,true,true,true,true,true,true,true,PASS
AIDS2026A004,aids2026a004,STUDENT,true,true,true,true,true,true,true,PASS
AIDS2026A005,aids2026a005,STUDENT,true,true,true,true,true,true,true,PASS
AIDS2026A006,aids2026a006,STUDENT,true,true,true,true,true,true,true,PASS
AIDS2026A007,aids2026a007,STUDENT,true,true,true,true,true,true,true,PASS
AIDS2026A008,aids2026a008,STUDENT,true,true,true,true,true,true,true,PASS
AIDS2026A009,aids2026a009,STUDENT,true,true,true,true,true,true,true,PASS
AIDS2026A010,aids2026a010,STUDENT,true,true,true,true,true,true,true,PASS
AIDS2026A011,aids2026a011,STUDENT,true,true,true,true,true,true,true,PASS
AIDS2026A012,aids2026a012,STUDENT,true,true,true,true,true,true,true,PASS
AIDS2026A013,aids2026a013,STUDENT,true,true,true,true,true,true,true,PASS
AIDS2026A014,aids2026a014,STUDENT,true,true,true,true,true,true,true,PASS
AIDS2026A015,aids2026a015,STUDENT,true,true,true,true,true,true,true,PASS
AIDS2026A016,aids2026a016,STUDENT,true,true,true,true,true,true,true,PASS
AIDS2026A017,aids2026a017,STUDENT,true,true,true,true,true,true,true,PASS
AIDS2026A018,aids2026a018,STUDENT,true,true,true,true,true,true,true,PASS
AIDS2026A019,aids2026a019,STUDENT,true,true,true,true,true,true,true,PASS
AIDS2026A020,aids2026a020,STUDENT,true,true,true,true,true,true,true,PASS
AIDS2026A021,aids2026a021,STUDENT,true,true,true,true,true,true,true,PASS
AIDS2026A022,aids2026a022,STUDENT,true,true,true,true,true,true,true,PASS
AIDS2026A023,aids2026a023,STUDENT,true,true,true,true,true,true,true,PASS
AIDS2026A024,aids2026a024,STUDENT,true,true,true,true,true,true,true,PASS
AIDS2026A025,aids2026a025,STUDENT,true,true,true,true,true,true,true,PASS
AIDS2026A026,aids2026a026,STUDENT,true,true,true,true,true,true,true,PASS
AIDS2026A027,aids2026a027,STUDENT,true,true,true,true,true,true,true,PASS
AIDS2026A028,aids2026a028,STUDENT,true,true,true,true,true,true,true,PASS
AIDS2026A029,aids2026a029,STUDENT,true,true,true,true,true,true,true,PASS
AIDS2026A030,aids2026a030,STUDENT,true,true,true,true,true,true,true,PASS
AIDS2025A001,aids2025a001,STUDENT,true,true,true,true,true,true,true,PASS
AIDS2025A002,aids2025a002,STUDENT,true,true,true,true,true,true,true,PASS
AIDS2025A003,aids2025a003,STUDENT,true,true,true,true,true,true,true,PASS
AIDS2025A004,aids2025a004,STUDENT,true,true,true,true,true,true,true,PASS
AIDS2025A005,aids2025a005,STUDENT,true,true,true,true,true,true,true,PASS
AIDS2025A006,aids2025a006,STUDENT,true,true,true,true,true,true,true,PASS
AIDS2025A007,aids2025a007,STUDENT,true,true,true,true,true,true,true,PASS
AIDS2025A008,aids2025a008,STUDENT,true,true,true,true,true,true,true,PASS
AIDS2025A009,aids2025a009,STUDENT,true,true,true,true,true,true,true,PASS
AIDS2025A010,aids2025a010,STUDENT,true,true,true,true,true,true,true,PASS
AIDS2025A011,aids2025a011,STUDENT,true,true,true,true,true,true,true,PASS
AIDS2025A012,aids2025a012,STUDENT,true,true,true,true,true,true,true,PASS
AIDS2025A013,aids2025a013,STUDENT,true,true,true,true,true,true,true,PASS
AIDS2025A014,aids2025a014,STUDENT,true,true,true,true,true,true,true,PASS
AIDS2025A015,aids2025a015,STUDENT,true,true,true,true,true,true,true,PASS
AIDS2025A016,aids2025a016,STUDENT,true,true,true,true,true,true,true,PASS
AIDS2025A017,aids2025a017,STUDENT,true,true,true,true,true,true,true,PASS
AIDS2025A018,aids2025a018,STUDENT,true,true,true,true,true,true,true,PASS
AIDS2025A019,aids2025a019,STUDENT,true,true,true,true,true,true,true,PASS
AIDS2025A020,aids2025a020,STUDENT,true,true,true,true,true,true,true,PASS
AIDS2025A021,aids2025a021,STUDENT,true,true,true,true,true,true,true,PASS
AIDS2025A022,aids2025a022,STUDENT,true,true,true,true,true,true,true,PASS
AIDS2025A023,aids2025a023,STUDENT,true,true,true,true,true,true,true,PASS
AIDS2025A024,aids2025a024,STUDENT,true,true,true,true,true,true,true,PASS
AIDS2025A025,aids2025a025,STUDENT,true,true,true,true,true,true,true,PASS
AIDS2025A026,aids2025a026,STUDENT,true,true,true,true,true,true,true,PASS
AIDS2025A027,aids2025a027,STUDENT,true,true,true,true,true,true,true,PASS
AIDS2025A028,aids2025a028,STUDENT,true,true,true,true,true,true,true,PASS
AIDS2025A029,aids2025a029,STUDENT,true,true,true,true,true,true,true,PASS
AIDS2025A030,aids2025a030,STUDENT,true,true,true,true,true,true,true,PASS
AIDS2024A001,aids2024a001,STUDENT,true,true,true,true,true,true,true,PASS
AIDS2024A002,aids2024a002,STUDENT,true,true,true,true,true,true,true,PASS
AIDS2024A003,aids2024a003,STUDENT,true,true,true,true,true,true,true,PASS
AIDS2024A004,aids2024a004,STUDENT,true,true,true,true,true,true,true,PASS
AIDS2024A005,aids2024a005,STUDENT,true,true,true,true,true,true,true,PASS
AIDS2024A006,aids2024a006,STUDENT,true,true,true,true,true,true,true,PASS
AIDS2024A007,aids2024a007,STUDENT,true,true,true,true,true,true,true,PASS
AIDS2024A008,aids2024a008,STUDENT,true,true,true,true,true,true,true,PASS
AIDS2024A009,aids2024a009,STUDENT,true,true,true,true,true,true,true,PASS
AIDS2024A010,aids2024a010,STUDENT,true,true,true,true,true,true,true,PASS
AIDS2024A011,aids2024a011,STUDENT,true,true,true,true,true,true,true,PASS
AIDS2024A012,aids2024a012,STUDENT,true,true,true,true,true,true,true,PASS
AIDS2024A013,aids2024a013,STUDENT,true,true,true,true,true,true,true,PASS
AIDS2024A014,aids2024a014,STUDENT,true,true,true,true,true,true,true,PASS
AIDS2024A015,aids2024a015,STUDENT,true,true,true,true,true,true,true,PASS
AIDS2024A016,aids2024a016,STUDENT,true,true,true,true,true,true,true,PASS
AIDS2024A017,aids2024a017,STUDENT,true,true,true,true,true,true,true,PASS
AIDS2024A018,aids2024a018,STUDENT,true,true,true,true,true,true,true,PASS
AIDS2024A019,aids2024a019,STUDENT,true,true,true,true,true,true,true,PASS
AIDS2024A020,aids2024a020,STUDENT,true,true,true,true,true,true,true,PASS
AIDS2024A021,aids2024a021,STUDENT,true,true,true,true,true,true,true,PASS
AIDS2024A022,aids2024a022,STUDENT,true,true,true,true,true,true,true,PASS
AIDS2024A023,aids2024a023,STUDENT,true,true,true,true,true,true,true,PASS
AIDS2024A024,aids2024a024,STUDENT,true,true,true,true,true,true,true,PASS
AIDS2024A025,aids2024a025,STUDENT,true,true,true,true,true,true,true,PASS
AIDS2024A026,aids2024a026,STUDENT,true,true,true,true,true,true,true,PASS
AIDS2024A027,aids2024a027,STUDENT,true,true,true,true,true,true,true,PASS
AIDS2024A028,aids2024a028,STUDENT,true,true,true,true,true,true,true,PASS
AIDS2024A029,aids2024a029,STUDENT,true,true,true,true,true,true,true,PASS
AIDS2024A030,aids2024a030,STUDENT,true,true,true,true,true,true,true,PASS
AIDS2023A001,aids2023a001,STUDENT,true,true,true,true,true,true,true,PASS
AIDS2023A002,aids2023a002,STUDENT,true,true,true,true,true,true,true,PASS
AIDS2023A003,aids2023a003,STUDENT,true,true,true,true,true,true,true,PASS
AIDS2023A004,aids2023a004,STUDENT,true,true,true,true,true,true,true,PASS
AIDS2023A005,aids2023a005,STUDENT,true,true,true,true,true,true,true,PASS
AIDS2023A006,aids2023a006,STUDENT,true,true,true,true,true,true,true,PASS
AIDS2023A007,aids2023a007,STUDENT,true,true,true,true,true,true,true,PASS
AIDS2023A008,aids2023a008,STUDENT,true,true,true,true,true,true,true,PASS
AIDS2023A009,aids2023a009,STUDENT,true,true,true,true,true,true,true,PASS
AIDS2023A010,aids2023a010,STUDENT,true,true,true,true,true,true,true,PASS
AIDS2023A011,aids2023a011,STUDENT,true,true,true,true,true,true,true,PASS
AIDS2023A012,aids2023a012,STUDENT,true,true,true,true,true,true,true,PASS
AIDS2023A013,aids2023a013,STUDENT,true,true,true,true,true,true,true,PASS
AIDS2023A014,aids2023a014,STUDENT,true,true,true,true,true,true,true,PASS
AIDS2023A015,aids2023a015,STUDENT,true,true,true,true,true,true,true,PASS
AIDS2023A016,aids2023a016,STUDENT,true,true,true,true,true,true,true,PASS
AIDS2023A017,aids2023a017,STUDENT,true,true,true,true,true,true,true,PASS
AIDS2023A018,aids2023a018,STUDENT,true,true,true,true,true,true,true,PASS
AIDS2023A019,aids2023a019,STUDENT,true,true,true,true,true,true,true,PASS
AIDS2023A020,aids2023a020,STUDENT,true,true,true,true,true,true,true,PASS
AIDS2023A021,aids2023a021,STUDENT,true,true,true,true,true,true,true,PASS
AIDS2023A022,aids2023a022,STUDENT,true,true,true,true,true,true,true,PASS
AIDS2023A023,aids2023a023,STUDENT,true,true,true,true,true,true,true,PASS
AIDS2023A024,aids2023a024,STUDENT,true,true,true,true,true,true,true,PASS
AIDS2023A025,aids2023a025,STUDENT,true,true,true,true,true,true,true,PASS
AIDS2023A026,aids2023a026,STUDENT,true,true,true,true,true,true,true,PASS
AIDS2023A027,aids2023a027,STUDENT,true,true,true,true,true,true,true,PASS
AIDS2023A028,aids2023a028,STUDENT,true,true,true,true,true,true,true,PASS
AIDS2023A029,aids2023a029,STUDENT,true,true,true,true,true,true,true,PASS
AIDS2023A030,aids2023a030,STUDENT,true,true,true,true,true,true,true,PASS
BT2026A001,bt2026a001,STUDENT,true,true,true,true,true,true,true,PASS
BT2026A002,bt2026a002,STUDENT,true,true,true,true,true,true,true,PASS
BT2026A003,bt2026a003,STUDENT,true,true,true,true,true,true,true,PASS
BT2026A004,bt2026a004,STUDENT,true,true,true,true,true,true,true,PASS
BT2026A005,bt2026a005,STUDENT,true,true,true,true,true,true,true,PASS
BT2026A006,bt2026a006,STUDENT,true,true,true,true,true,true,true,PASS
BT2026A007,bt2026a007,STUDENT,true,true,true,true,true,true,true,PASS
BT2026A008,bt2026a008,STUDENT,true,true,true,true,true,true,true,PASS
BT2026A009,bt2026a009,STUDENT,true,true,true,true,true,true,true,PASS
BT2026A010,bt2026a010,STUDENT,true,true,true,true,true,true,true,PASS
BT2026A011,bt2026a011,STUDENT,true,true,true,true,true,true,true,PASS
BT2026A012,bt2026a012,STUDENT,true,true,true,true,true,true,true,PASS
BT2026A013,bt2026a013,STUDENT,true,true,true,true,true,true,true,PASS
BT2026A014,bt2026a014,STUDENT,true,true,true,true,true,true,true,PASS
BT2026A015,bt2026a015,STUDENT,true,true,true,true,true,true,true,PASS
BT2026A016,bt2026a016,STUDENT,true,true,true,true,true,true,true,PASS
BT2026A017,bt2026a017,STUDENT,true,true,true,true,true,true,true,PASS
BT2026A018,bt2026a018,STUDENT,true,true,true,true,true,true,true,PASS
BT2026A019,bt2026a019,STUDENT,true,true,true,true,true,true,true,PASS
BT2026A020,bt2026a020,STUDENT,true,true,true,true,true,true,true,PASS
BT2026A021,bt2026a021,STUDENT,true,true,true,true,true,true,true,PASS
BT2026A022,bt2026a022,STUDENT,true,true,true,true,true,true,true,PASS
BT2026A023,bt2026a023,STUDENT,true,true,true,true,true,true,true,PASS
BT2026A024,bt2026a024,STUDENT,true,true,true,true,true,true,true,PASS
BT2026A025,bt2026a025,STUDENT,true,true,true,true,true,true,true,PASS
BT2026A026,bt2026a026,STUDENT,true,true,true,true,true,true,true,PASS
BT2026A027,bt2026a027,STUDENT,true,true,true,true,true,true,true,PASS
BT2026A028,bt2026a028,STUDENT,true,true,true,true,true,true,true,PASS
BT2026A029,bt2026a029,STUDENT,true,true,true,true,true,true,true,PASS
BT2026A030,bt2026a030,STUDENT,true,true,true,true,true,true,true,PASS
BT2025A001,bt2025a001,STUDENT,true,true,true,true,true,true,true,PASS
BT2025A002,bt2025a002,STUDENT,true,true,true,true,true,true,true,PASS
BT2025A003,bt2025a003,STUDENT,true,true,true,true,true,true,true,PASS
BT2025A004,bt2025a004,STUDENT,true,true,true,true,true,true,true,PASS
BT2025A005,bt2025a005,STUDENT,true,true,true,true,true,true,true,PASS
BT2025A006,bt2025a006,STUDENT,true,true,true,true,true,true,true,PASS
BT2025A007,bt2025a007,STUDENT,true,true,true,true,true,true,true,PASS
BT2025A008,bt2025a008,STUDENT,true,true,true,true,true,true,true,PASS
BT2025A009,bt2025a009,STUDENT,true,true,true,true,true,true,true,PASS
BT2025A010,bt2025a010,STUDENT,true,true,true,true,true,true,true,PASS
BT2025A011,bt2025a011,STUDENT,true,true,true,true,true,true,true,PASS
BT2025A012,bt2025a012,STUDENT,true,true,true,true,true,true,true,PASS
BT2025A013,bt2025a013,STUDENT,true,true,true,true,true,true,true,PASS
BT2025A014,bt2025a014,STUDENT,true,true,true,true,true,true,true,PASS
BT2025A015,bt2025a015,STUDENT,true,true,true,true,true,true,true,PASS
BT2025A016,bt2025a016,STUDENT,true,true,true,true,true,true,true,PASS
BT2025A017,bt2025a017,STUDENT,true,true,true,true,true,true,true,PASS
BT2025A018,bt2025a018,STUDENT,true,true,true,true,true,true,true,PASS
BT2025A019,bt2025a019,STUDENT,true,true,true,true,true,true,true,PASS
BT2025A020,bt2025a020,STUDENT,true,true,true,true,true,true,true,PASS
BT2025A021,bt2025a021,STUDENT,true,true,true,true,true,true,true,PASS
BT2025A022,bt2025a022,STUDENT,true,true,true,true,true,true,true,PASS
BT2025A023,bt2025a023,STUDENT,true,true,true,true,true,true,true,PASS
BT2025A024,bt2025a024,STUDENT,true,true,true,true,true,true,true,PASS
BT2025A025,bt2025a025,STUDENT,true,true,true,true,true,true,true,PASS
BT2025A026,bt2025a026,STUDENT,true,true,true,true,true,true,true,PASS
BT2025A027,bt2025a027,STUDENT,true,true,true,true,true,true,true,PASS
BT2025A028,bt2025a028,STUDENT,true,true,true,true,true,true,true,PASS
BT2025A029,bt2025a029,STUDENT,true,true,true,true,true,true,true,PASS
BT2025A030,bt2025a030,STUDENT,true,true,true,true,true,true,true,PASS
BT2024A001,bt2024a001,STUDENT,true,true,true,true,true,true,true,PASS
BT2024A002,bt2024a002,STUDENT,true,true,true,true,true,true,true,PASS
BT2024A003,bt2024a003,STUDENT,true,true,true,true,true,true,true,PASS
BT2024A004,bt2024a004,STUDENT,true,true,true,true,true,true,true,PASS
BT2024A005,bt2024a005,STUDENT,true,true,true,true,true,true,true,PASS
BT2024A006,bt2024a006,STUDENT,true,true,true,true,true,true,true,PASS
BT2024A007,bt2024a007,STUDENT,true,true,true,true,true,true,true,PASS
BT2024A008,bt2024a008,STUDENT,true,true,true,true,true,true,true,PASS
BT2024A009,bt2024a009,STUDENT,true,true,true,true,true,true,true,PASS
BT2024A010,bt2024a010,STUDENT,true,true,true,true,true,true,true,PASS
BT2024A011,bt2024a011,STUDENT,true,true,true,true,true,true,true,PASS
BT2024A012,bt2024a012,STUDENT,true,true,true,true,true,true,true,PASS
BT2024A013,bt2024a013,STUDENT,true,true,true,true,true,true,true,PASS
BT2024A014,bt2024a014,STUDENT,true,true,true,true,true,true,true,PASS
BT2024A015,bt2024a015,STUDENT,true,true,true,true,true,true,true,PASS
BT2024A016,bt2024a016,STUDENT,true,true,true,true,true,true,true,PASS
BT2024A017,bt2024a017,STUDENT,true,true,true,true,true,true,true,PASS
BT2024A018,bt2024a018,STUDENT,true,true,true,true,true,true,true,PASS
BT2024A019,bt2024a019,STUDENT,true,true,true,true,true,true,true,PASS
BT2024A020,bt2024a020,STUDENT,true,true,true,true,true,true,true,PASS
BT2024A021,bt2024a021,STUDENT,true,true,true,true,true,true,true,PASS
BT2024A022,bt2024a022,STUDENT,true,true,true,true,true,true,true,PASS
BT2024A023,bt2024a023,STUDENT,true,true,true,true,true,true,true,PASS
BT2024A024,bt2024a024,STUDENT,true,true,true,true,true,true,true,PASS
BT2024A025,bt2024a025,STUDENT,true,true,true,true,true,true,true,PASS
BT2024A026,bt2024a026,STUDENT,true,true,true,true,true,true,true,PASS
BT2024A027,bt2024a027,STUDENT,true,true,true,true,true,true,true,PASS
BT2024A028,bt2024a028,STUDENT,true,true,true,true,true,true,true,PASS
BT2024A029,bt2024a029,STUDENT,true,true,true,true,true,true,true,PASS
BT2024A030,bt2024a030,STUDENT,true,true,true,true,true,true,true,PASS
BT2023A001,bt2023a001,STUDENT,true,true,true,true,true,true,true,PASS
BT2023A002,bt2023a002,STUDENT,true,true,true,true,true,true,true,PASS
BT2023A003,bt2023a003,STUDENT,true,true,true,true,true,true,true,PASS
BT2023A004,bt2023a004,STUDENT,true,true,true,true,true,true,true,PASS
BT2023A005,bt2023a005,STUDENT,true,true,true,true,true,true,true,PASS
BT2023A006,bt2023a006,STUDENT,true,true,true,true,true,true,true,PASS
BT2023A007,bt2023a007,STUDENT,true,true,true,true,true,true,true,PASS
BT2023A008,bt2023a008,STUDENT,true,true,true,true,true,true,true,PASS
BT2023A009,bt2023a009,STUDENT,true,true,true,true,true,true,true,PASS
BT2023A010,bt2023a010,STUDENT,true,true,true,true,true,true,true,PASS
BT2023A011,bt2023a011,STUDENT,true,true,true,true,true,true,true,PASS
BT2023A012,bt2023a012,STUDENT,true,true,true,true,true,true,true,PASS
BT2023A013,bt2023a013,STUDENT,true,true,true,true,true,true,true,PASS
BT2023A014,bt2023a014,STUDENT,true,true,true,true,true,true,true,PASS
BT2023A015,bt2023a015,STUDENT,true,true,true,true,true,true,true,PASS
BT2023A016,bt2023a016,STUDENT,true,true,true,true,true,true,true,PASS
BT2023A017,bt2023a017,STUDENT,true,true,true,true,true,true,true,PASS
BT2023A018,bt2023a018,STUDENT,true,true,true,true,true,true,true,PASS
BT2023A019,bt2023a019,STUDENT,true,true,true,true,true,true,true,PASS
BT2023A020,bt2023a020,STUDENT,true,true,true,true,true,true,true,PASS
BT2023A021,bt2023a021,STUDENT,true,true,true,true,true,true,true,PASS
BT2023A022,bt2023a022,STUDENT,true,true,true,true,true,true,true,PASS
BT2023A023,bt2023a023,STUDENT,true,true,true,true,true,true,true,PASS
BT2023A024,bt2023a024,STUDENT,true,true,true,true,true,true,true,PASS
BT2023A025,bt2023a025,STUDENT,true,true,true,true,true,true,true,PASS
BT2023A026,bt2023a026,STUDENT,true,true,true,true,true,true,true,PASS
BT2023A027,bt2023a027,STUDENT,true,true,true,true,true,true,true,PASS
BT2023A028,bt2023a028,STUDENT,true,true,true,true,true,true,true,PASS
BT2023A029,bt2023a029,STUDENT,true,true,true,true,true,true,true,PASS
BT2023A030,bt2023a030,STUDENT,true,true,true,true,true,true,true,PASS
IT2026A001,it2026a001,STUDENT,true,true,true,true,true,true,true,PASS
IT2026A002,it2026a002,STUDENT,true,true,true,true,true,true,true,PASS
IT2026A003,it2026a003,STUDENT,true,true,true,true,true,true,true,PASS
IT2026A004,it2026a004,STUDENT,true,true,true,true,true,true,true,PASS
IT2026A005,it2026a005,STUDENT,true,true,true,true,true,true,true,PASS
IT2026A006,it2026a006,STUDENT,true,true,true,true,true,true,true,PASS
IT2026A007,it2026a007,STUDENT,true,true,true,true,true,true,true,PASS
IT2026A008,it2026a008,STUDENT,true,true,true,true,true,true,true,PASS
IT2026A009,it2026a009,STUDENT,true,true,true,true,true,true,true,PASS
IT2026A010,it2026a010,STUDENT,true,true,true,true,true,true,true,PASS
IT2026A011,it2026a011,STUDENT,true,true,true,true,true,true,true,PASS
IT2026A012,it2026a012,STUDENT,true,true,true,true,true,true,true,PASS
IT2026A013,it2026a013,STUDENT,true,true,true,true,true,true,true,PASS
IT2026A014,it2026a014,STUDENT,true,true,true,true,true,true,true,PASS
IT2026A015,it2026a015,STUDENT,true,true,true,true,true,true,true,PASS
IT2026A016,it2026a016,STUDENT,true,true,true,true,true,true,true,PASS
IT2026A017,it2026a017,STUDENT,true,true,true,true,true,true,true,PASS
IT2026A018,it2026a018,STUDENT,true,true,true,true,true,true,true,PASS
IT2026A019,it2026a019,STUDENT,true,true,true,true,true,true,true,PASS
IT2026A020,it2026a020,STUDENT,true,true,true,true,true,true,true,PASS
IT2026A021,it2026a021,STUDENT,true,true,true,true,true,true,true,PASS
IT2026A022,it2026a022,STUDENT,true,true,true,true,true,true,true,PASS
IT2026A023,it2026a023,STUDENT,true,true,true,true,true,true,true,PASS
IT2026A024,it2026a024,STUDENT,true,true,true,true,true,true,true,PASS
IT2026A025,it2026a025,STUDENT,true,true,true,true,true,true,true,PASS
IT2026A026,it2026a026,STUDENT,true,true,true,true,true,true,true,PASS
IT2026A027,it2026a027,STUDENT,true,true,true,true,true,true,true,PASS
IT2026A028,it2026a028,STUDENT,true,true,true,true,true,true,true,PASS
IT2026A029,it2026a029,STUDENT,true,true,true,true,true,true,true,PASS
IT2026A030,it2026a030,STUDENT,true,true,true,true,true,true,true,PASS
IT2025A001,it2025a001,STUDENT,true,true,true,true,true,true,true,PASS
IT2025A002,it2025a002,STUDENT,true,true,true,true,true,true,true,PASS
IT2025A003,it2025a003,STUDENT,true,true,true,true,true,true,true,PASS
IT2025A004,it2025a004,STUDENT,true,true,true,true,true,true,true,PASS
IT2025A005,it2025a005,STUDENT,true,true,true,true,true,true,true,PASS
IT2025A006,it2025a006,STUDENT,true,true,true,true,true,true,true,PASS
IT2025A007,it2025a007,STUDENT,true,true,true,true,true,true,true,PASS
IT2025A008,it2025a008,STUDENT,true,true,true,true,true,true,true,PASS
IT2025A009,it2025a009,STUDENT,true,true,true,true,true,true,true,PASS
IT2025A010,it2025a010,STUDENT,true,true,true,true,true,true,true,PASS
IT2025A011,it2025a011,STUDENT,true,true,true,true,true,true,true,PASS
IT2025A012,it2025a012,STUDENT,true,true,true,true,true,true,true,PASS
IT2025A013,it2025a013,STUDENT,true,true,true,true,true,true,true,PASS
IT2025A014,it2025a014,STUDENT,true,true,true,true,true,true,true,PASS
IT2025A015,it2025a015,STUDENT,true,true,true,true,true,true,true,PASS
IT2025A016,it2025a016,STUDENT,true,true,true,true,true,true,true,PASS
IT2025A017,it2025a017,STUDENT,true,true,true,true,true,true,true,PASS
IT2025A018,it2025a018,STUDENT,true,true,true,true,true,true,true,PASS
IT2025A019,it2025a019,STUDENT,true,true,true,true,true,true,true,PASS
IT2025A020,it2025a020,STUDENT,true,true,true,true,true,true,true,PASS
IT2025A021,it2025a021,STUDENT,true,true,true,true,true,true,true,PASS
IT2025A022,it2025a022,STUDENT,true,true,true,true,true,true,true,PASS
IT2025A023,it2025a023,STUDENT,true,true,true,true,true,true,true,PASS
IT2025A024,it2025a024,STUDENT,true,true,true,true,true,true,true,PASS
IT2025A025,it2025a025,STUDENT,true,true,true,true,true,true,true,PASS
IT2025A026,it2025a026,STUDENT,true,true,true,true,true,true,true,PASS
IT2025A027,it2025a027,STUDENT,true,true,true,true,true,true,true,PASS
IT2025A028,it2025a028,STUDENT,true,true,true,true,true,true,true,PASS
IT2025A029,it2025a029,STUDENT,true,true,true,true,true,true,true,PASS
IT2025A030,it2025a030,STUDENT,true,true,true,true,true,true,true,PASS
IT2024A001,it2024a001,STUDENT,true,true,true,true,true,true,true,PASS
IT2024A002,it2024a002,STUDENT,true,true,true,true,true,true,true,PASS
IT2024A003,it2024a003,STUDENT,true,true,true,true,true,true,true,PASS
IT2024A004,it2024a004,STUDENT,true,true,true,true,true,true,true,PASS
IT2024A005,it2024a005,STUDENT,true,true,true,true,true,true,true,PASS
IT2024A006,it2024a006,STUDENT,true,true,true,true,true,true,true,PASS
IT2024A007,it2024a007,STUDENT,true,true,true,true,true,true,true,PASS
IT2024A008,it2024a008,STUDENT,true,true,true,true,true,true,true,PASS
IT2024A009,it2024a009,STUDENT,true,true,true,true,true,true,true,PASS
IT2024A010,it2024a010,STUDENT,true,true,true,true,true,true,true,PASS
IT2024A011,it2024a011,STUDENT,true,true,true,true,true,true,true,PASS
IT2024A012,it2024a012,STUDENT,true,true,true,true,true,true,true,PASS
IT2024A013,it2024a013,STUDENT,true,true,true,true,true,true,true,PASS
IT2024A014,it2024a014,STUDENT,true,true,true,true,true,true,true,PASS
IT2024A015,it2024a015,STUDENT,true,true,true,true,true,true,true,PASS
IT2024A016,it2024a016,STUDENT,true,true,true,true,true,true,true,PASS
IT2024A017,it2024a017,STUDENT,true,true,true,true,true,true,true,PASS
IT2024A018,it2024a018,STUDENT,true,true,true,true,true,true,true,PASS
IT2024A019,it2024a019,STUDENT,true,true,true,true,true,true,true,PASS
IT2024A020,it2024a020,STUDENT,true,true,true,true,true,true,true,PASS
IT2024A021,it2024a021,STUDENT,true,true,true,true,true,true,true,PASS
IT2024A022,it2024a022,STUDENT,true,true,true,true,true,true,true,PASS
IT2024A023,it2024a023,STUDENT,true,true,true,true,true,true,true,PASS
IT2024A024,it2024a024,STUDENT,true,true,true,true,true,true,true,PASS
IT2024A025,it2024a025,STUDENT,true,true,true,true,true,true,true,PASS
IT2024A026,it2024a026,STUDENT,true,true,true,true,true,true,true,PASS
IT2024A027,it2024a027,STUDENT,true,true,true,true,true,true,true,PASS
IT2024A028,it2024a028,STUDENT,true,true,true,true,true,true,true,PASS
IT2024A029,it2024a029,STUDENT,true,true,true,true,true,true,true,PASS
IT2024A030,it2024a030,STUDENT,true,true,true,true,true,true,true,PASS
IT2023A001,it2023a001,STUDENT,true,true,true,true,true,true,true,PASS
IT2023A002,it2023a002,STUDENT,true,true,true,true,true,true,true,PASS
IT2023A003,it2023a003,STUDENT,true,true,true,true,true,true,true,PASS
IT2023A004,it2023a004,STUDENT,true,true,true,true,true,true,true,PASS
IT2023A005,it2023a005,STUDENT,true,true,true,true,true,true,true,PASS
IT2023A006,it2023a006,STUDENT,true,true,true,true,true,true,true,PASS
IT2023A007,it2023a007,STUDENT,true,true,true,true,true,true,true,PASS
IT2023A008,it2023a008,STUDENT,true,true,true,true,true,true,true,PASS
IT2023A009,it2023a009,STUDENT,true,true,true,true,true,true,true,PASS
IT2023A010,it2023a010,STUDENT,true,true,true,true,true,true,true,PASS
IT2023A011,it2023a011,STUDENT,true,true,true,true,true,true,true,PASS
IT2023A012,it2023a012,STUDENT,true,true,true,true,true,true,true,PASS
IT2023A013,it2023a013,STUDENT,true,true,true,true,true,true,true,PASS
IT2023A014,it2023a014,STUDENT,true,true,true,true,true,true,true,PASS
IT2023A015,it2023a015,STUDENT,true,true,true,true,true,true,true,PASS
IT2023A016,it2023a016,STUDENT,true,true,true,true,true,true,true,PASS
IT2023A017,it2023a017,STUDENT,true,true,true,true,true,true,true,PASS
IT2023A018,it2023a018,STUDENT,true,true,true,true,true,true,true,PASS
IT2023A019,it2023a019,STUDENT,true,true,true,true,true,true,true,PASS
IT2023A020,it2023a020,STUDENT,true,true,true,true,true,true,true,PASS
IT2023A021,it2023a021,STUDENT,true,true,true,true,true,true,true,PASS
IT2023A022,it2023a022,STUDENT,true,true,true,true,true,true,true,PASS
IT2023A023,it2023a023,STUDENT,true,true,true,true,true,true,true,PASS
IT2023A024,it2023a024,STUDENT,true,true,true,true,true,true,true,PASS
IT2023A025,it2023a025,STUDENT,true,true,true,true,true,true,true,PASS
IT2023A026,it2023a026,STUDENT,true,true,true,true,true,true,true,PASS
IT2023A027,it2023a027,STUDENT,true,true,true,true,true,true,true,PASS
IT2023A028,it2023a028,STUDENT,true,true,true,true,true,true,true,PASS
IT2023A029,it2023a029,STUDENT,true,true,true,true,true,true,true,PASS
IT2023A030,it2023a030,STUDENT,true,true,true,true,true,true,true,PASS